"OriginalFunction","FunctionAddress","CopiedFile","RefAddress","TargetAddress","TargetSymbol","Value"
"FUN_011d12b0","011d12b0","decompiled\DetailInfoUI\BuildAdditionalStatPanel.original.c","011d1316","01ae2a24","s_DETAIL_INFO_ADDITION_01ae2a24","DETAIL_INFO_ADDITION"
"FUN_011d12b0","011d12b0","decompiled\DetailInfoUI\BuildAdditionalStatPanel.original.c","011d12f8","01ae2a3c","s_DetailInfo\skin_bg_a.tga_01ae2a3c","DetailInfo\skin_bg_a.tga"
"FUN_011d12b0","011d12b0","decompiled\DetailInfoUI\BuildAdditionalStatPanel.original.c","011d13a3","01ae2a58","s_COMMON_ATTRIBUTE_STAT_01ae2a58","COMMON_ATTRIBUTE_STAT"
"FUN_011d4bd0","011d4bd0","decompiled\DetailInfoUI\BuildDigimonAdvancePanel.original.c","011d4c8b","01ad2a7c","s_Breakthrough_Title_01ad2a7c","Breakthrough_Title"
"FUN_011d4bd0","011d4bd0","decompiled\DetailInfoUI\BuildDigimonAdvancePanel.original.c","011d4e3b","01ae2c60","s_TacticsHouse\CheckOnline.tga_01ae2c60","TacticsHouse\CheckOnline.tga"
"FUN_011d2a20","011d2a20","decompiled\DetailInfoUI\BuildDigimonDetailRoot.original.c","011d2aad","01ae2b44","s_DetailInfo\Digimon_Status_Win.tg_01ae2b44","DetailInfo\Digimon_Status_Win.tga"
"FUN_011d2a20","011d2a20","decompiled\DetailInfoUI\BuildDigimonDetailRoot.original.c","011d2a74","01ae2b68","s_DetailInfo\TamerStatus_Win_03_bg_01ae2b68","DetailInfo\TamerStatus_Win_03_bg.tga"
"FUN_011d2a20","011d2a20","decompiled\DetailInfoUI\BuildDigimonDetailRoot.original.c","011d2afe","01ae2cc8","s_DetailInfo\zoom_in_aa.tga_01ae2cc8","DetailInfo\zoom_in_aa.tga"
"FUN_011d4320","011d4320","decompiled\DetailInfoUI\BuildDigimonEnchantPanel.original.c","011d451c","01ace96c","u_%d/%d_01ace96c","%d/%d"
"FUN_011d4320","011d4320","decompiled\DetailInfoUI\BuildDigimonEnchantPanel.original.c","011d43ee","01ae2c18","s_ENCHANTTACTICS_TITLE_DIGIMON_ENC_01ae2c18","ENCHANTTACTICS_TITLE_DIGIMON_ENCHANT"
"FUN_011d4320","011d4320","decompiled\DetailInfoUI\BuildDigimonEnchantPanel.original.c","011d4719","01ae2c60","s_TacticsHouse\CheckOnline.tga_01ae2c60","TacticsHouse\CheckOnline.tga"
"FUN_011d4320","011d4320","decompiled\DetailInfoUI\BuildDigimonEnchantPanel.original.c","011d4744","01ae2c60","s_TacticsHouse\CheckOnline.tga_01ae2c60","TacticsHouse\CheckOnline.tga"
"FUN_011d4320","011d4320","decompiled\DetailInfoUI\BuildDigimonEnchantPanel.original.c","011d45fe","01ae2c80","s_DigimonStatus_New\Digimon_Status_01ae2c80","DigimonStatus_New\Digimon_Status_Enchant_01.tga"
"FUN_011d4320","011d4320","decompiled\DetailInfoUI\BuildDigimonEnchantPanel.original.c","011d4629","01ae2c80","s_DigimonStatus_New\Digimon_Status_01ae2c80","DigimonStatus_New\Digimon_Status_Enchant_01.tga"
"FUN_011d4320","011d4320","decompiled\DetailInfoUI\BuildDigimonEnchantPanel.original.c","011d4923","01ae2ce4","s_DetailInfo\Enchant_AT.tga_01ae2ce4","DetailInfo\Enchant_AT.tga"
"FUN_011d4320","011d4320","decompiled\DetailInfoUI\BuildDigimonEnchantPanel.original.c","011d4935","01ae2d20","s_DetailInfo\Enchant_ct.tga_01ae2d20","DetailInfo\Enchant_ct.tga"
"FUN_011d4320","011d4320","decompiled\DetailInfoUI\BuildDigimonEnchantPanel.original.c","011d492c","01ae2d3c","s_DetailInfo\Enchant_bl.tga_01ae2d3c","DetailInfo\Enchant_bl.tga"
"FUN_011d4320","011d4320","decompiled\DetailInfoUI\BuildDigimonEnchantPanel.original.c","011d4947","01ae2d58","s_DetailInfo\Enchant_HP.tga_01ae2d58","DetailInfo\Enchant_HP.tga"
"FUN_011d4320","011d4320","decompiled\DetailInfoUI\BuildDigimonEnchantPanel.original.c","011d493e","01ae2d74","s_DetailInfo\Enchant_ev.tga_01ae2d74","DetailInfo\Enchant_ev.tga"
"FUN_011d30b0","011d30b0","decompiled\DetailInfoUI\BuildDigimonInfoBox.original.c","011d35ff","01ace918","u_%d_cm_(%.2f%%)_01ace918","%d cm (%.2f%%)"
"FUN_011d30b0","011d30b0","decompiled\DetailInfoUI\BuildDigimonInfoBox.original.c","011d3449","01ace938","s_DIGIMONSTATUS_BASEINFO_HATCHLV_01ace938","DIGIMONSTATUS_BASEINFO_HATCHLV"
"FUN_011d30b0","011d30b0","decompiled\DetailInfoUI\BuildDigimonInfoBox.original.c","011d3487","01ace958","u_#HatchLv#_01ace958","#HatchLv#"
"FUN_011d30b0","011d30b0","decompiled\DetailInfoUI\BuildDigimonInfoBox.original.c","011d32c4","01ace9b4","u_Unknown_01ace9b4","Unknown"
"FUN_011d30b0","011d30b0","decompiled\DetailInfoUI\BuildDigimonInfoBox.original.c","011d3192","01ad9800","s_EVOLUTION_ADVICE_TITLE_INFO_01ad9800","EVOLUTION_ADVICE_TITLE_INFO"
"FUN_011d30b0","011d30b0","decompiled\DetailInfoUI\BuildDigimonInfoBox.original.c","011d3109","01ae2bf8","s_DetailInfo\RemainTimerBG.tga_01ae2bf8","DetailInfo\RemainTimerBG.tga"
"FUN_011d2b30","011d2b30","decompiled\DetailInfoUI\BuildDigimonInfoPanel.original.c","011d2e05","01ac5990","s_COMMON_TXT_SHORT_LEVEL_01ac5990","COMMON_TXT_SHORT_LEVEL"
"FUN_011d2b30","011d2b30","decompiled\DetailInfoUI\BuildDigimonInfoPanel.original.c","011d2f8e","01ad8e18","s_TacticsHouse\Storage_M_field.tga_01ad8e18","TacticsHouse\Storage_M_field.tga"
"FUN_011d2b30","011d2b30","decompiled\DetailInfoUI\BuildDigimonInfoPanel.original.c","011d2ba4","01ae2b90","s_DetailInfo\TamerStatus_Digimon_T_01ae2b90","DetailInfo\TamerStatus_Digimon_Tamer.tga"
"FUN_011d2b30","011d2b30","decompiled\DetailInfoUI\BuildDigimonInfoPanel.original.c","011d2b86","01ae2bbc","s_DetailInfo\Storage_M_field_a.tga_01ae2bbc","DetailInfo\Storage_M_field_a.tga"
"FUN_011d3b00","011d3b00","decompiled\DetailInfoUI\BuildDigimonSkillSection.original.c","011d409d","01ace96c","u_%d/%d_01ace96c","%d/%d"
"FUN_011d3b00","011d3b00","decompiled\DetailInfoUI\BuildDigimonSkillSection.original.c","011d3bc1","01adda60","s_ENCY_SKILL_INFO_01adda60","ENCY_SKILL_INFO"
"FUN_011d3b00","011d3b00","decompiled\DetailInfoUI\BuildDigimonSkillSection.original.c","011d3dbe","01ae2c40","s_EquipSystem\Upgrade_Slot.tga_01ae2c40","EquipSystem\Upgrade_Slot.tga"
"FUN_011d3b00","011d3b00","decompiled\DetailInfoUI\BuildDigimonSkillSection.original.c","011d3dec","01ae2c40","s_EquipSystem\Upgrade_Slot.tga_01ae2c40","EquipSystem\Upgrade_Slot.tga"
"FUN_011d65d0","011d65d0","decompiled\DetailInfoUI\BuildEquipmentDetailList.original.c","011d6931","01ad56c4","s_Mail\Mail_List_Box.tga_01ad56c4","Mail\Mail_List_Box.tga"
"FUN_011d65d0","011d65d0","decompiled\DetailInfoUI\BuildEquipmentDetailList.original.c","011d6a96","01adc654","s_CommonUI\NinePatch\center_gradie_01adc654","CommonUI\NinePatch\center_gradient2.tga"
"FUN_011d65d0","011d65d0","decompiled\DetailInfoUI\BuildEquipmentDetailList.original.c","011d6ac1","01adc654","s_CommonUI\NinePatch\center_gradie_01adc654","CommonUI\NinePatch\center_gradient2.tga"
"FUN_011d65d0","011d65d0","decompiled\DetailInfoUI\BuildEquipmentDetailList.original.c","011d664d","01ae2e58","s_INVENTORY_FILTER_TEXT_EQUIP_01ae2e58","INVENTORY_FILTER_TEXT_EQUIP"
"FUN_011d65d0","011d65d0","decompiled\DetailInfoUI\BuildEquipmentDetailList.original.c","011d66c4","01ae2e74","s_DETAIL_INFO_EQUIP_LV_01ae2e74","DETAIL_INFO_EQUIP_LV"
"FUN_011d65d0","011d65d0","decompiled\DetailInfoUI\BuildEquipmentDetailList.original.c","011d67fb","01ae2e8c","s_DetailInfo\Infinite_Match_window_01ae2e8c","DetailInfo\Infinite_Match_window_Test04.tga"
"FUN_011d65d0","011d65d0","decompiled\DetailInfoUI\BuildEquipmentDetailList.original.c","011d6832","01ae2e8c","s_DetailInfo\Infinite_Match_window_01ae2e8c","DetailInfo\Infinite_Match_window_Test04.tga"
"FUN_011d65d0","011d65d0","decompiled\DetailInfoUI\BuildEquipmentDetailList.original.c","011d6735","01ae2eb8","s_DETAIL_INFO_EQUIP_NAME_01ae2eb8","DETAIL_INFO_EQUIP_NAME"
"FUN_011d65d0","011d65d0","decompiled\DetailInfoUI\BuildEquipmentDetailList.original.c","011d7025","01ae2ed0","s_DetailInfo\tamerstatus_win_01_bg_01ae2ed0","DetailInfo\tamerstatus_win_01_bg.tga"
"FUN_011d65d0","011d65d0","decompiled\DetailInfoUI\BuildEquipmentDetailList.original.c","011d6e86","01ae2ef8","s_DetailInfo\Infinite_Match_window_01ae2ef8","DetailInfo\Infinite_Match_window_Test05.tga"
"FUN_011d65d0","011d65d0","decompiled\DetailInfoUI\BuildEquipmentDetailList.original.c","011d6eb7","01ae2ef8","s_DetailInfo\Infinite_Match_window_01ae2ef8","DetailInfo\Infinite_Match_window_Test05.tga"
"FUN_011d61d0","011d61d0","decompiled\DetailInfoUI\BuildEquipmentPanel.original.c","011d6236","01ae2e08","s_DETAIL_INFO_EQUIP_TOP_01ae2e08","DETAIL_INFO_EQUIP_TOP"
"FUN_011d61d0","011d61d0","decompiled\DetailInfoUI\BuildEquipmentPanel.original.c","011d6218","01ae2e20","s_DetailInfo\DetailInfo_bg_b.tga_01ae2e20","DetailInfo\DetailInfo_bg_b.tga"
"FUN_011dc7f0","011dc7f0","decompiled\DetailInfoUI\BuildEquippedAchievementSection.original.c","011dca07","01ace904","s_DETAIL_INFO_NONE_01ace904","DETAIL_INFO_NONE"
"FUN_011dc7f0","011dc7f0","decompiled\DetailInfoUI\BuildEquippedAchievementSection.original.c","011dc89d","01ad8e18","s_TacticsHouse\Storage_M_field.tga_01ad8e18","TacticsHouse\Storage_M_field.tga"
"FUN_011dc7f0","011dc7f0","decompiled\DetailInfoUI\BuildEquippedAchievementSection.original.c","011dc8c8","01ad8e18","s_TacticsHouse\Storage_M_field.tga_01ad8e18","TacticsHouse\Storage_M_field.tga"
"FUN_011dc7f0","011dc7f0","decompiled\DetailInfoUI\BuildEquippedAchievementSection.original.c","011dcb32","01ae3474","s_DETAIL_INFO_ACHIEVE_01ae3474","DETAIL_INFO_ACHIEVE"
"FUN_011da100","011da100","decompiled\DetailInfoUI\BuildSealMasterCloseButton.original.c","011da11f","01ad3144","s_CommonUI\CommonUI_close.tga_01ad3144","CommonUI\CommonUI_close.tga"
"FUN_011da000","011da000","decompiled\DetailInfoUI\BuildSealMasterPanel.original.c","011da048","01ae32c4","s_DetailInfo\Detailinfo_bg_a.tga_01ae32c4","DetailInfo\Detailinfo_bg_a.tga"
"FUN_011da000","011da000","decompiled\DetailInfoUI\BuildSealMasterPanel.original.c","011da066","01ae32f8","s_MAINBAR_MEMU_SEAL_MASTER_01ae32f8","MAINBAR_MEMU_SEAL_MASTER"
"FUN_011db840","011db840","decompiled\DetailInfoUI\BuildTamerAttributePanel.original.c","011dbab8","01ad4b4c","s_Icon\Mask_Over.dds_01ad4b4c","Icon\Mask_Over.dds"
"FUN_011db840","011db840","decompiled\DetailInfoUI\BuildTamerAttributePanel.original.c","011dbad1","01ad4b4c","s_Icon\Mask_Over.dds_01ad4b4c","Icon\Mask_Over.dds"
"FUN_011db840","011db840","decompiled\DetailInfoUI\BuildTamerAttributePanel.original.c","011db8e3","01ae3438","s_DetailInfo\TamerStatus_win_02_bg_01ae3438","DetailInfo\TamerStatus_win_02_bg.tga"
"FUN_011db840","011db840","decompiled\DetailInfoUI\BuildTamerAttributePanel.original.c","011db90b","01ae3438","s_DetailInfo\TamerStatus_win_02_bg_01ae3438","DetailInfo\TamerStatus_win_02_bg.tga"
"FUN_011daec0","011daec0","decompiled\DetailInfoUI\BuildTamerDetailRoot.original.c","011daf1e","01ae2b68","s_DetailInfo\TamerStatus_Win_03_bg_01ae2b68","DetailInfo\TamerStatus_Win_03_bg.tga"
"FUN_011daec0","011daec0","decompiled\DetailInfoUI\BuildTamerDetailRoot.original.c","011daf5a","01ae33fc","s_DetailInfo\TamerStatus_Win_04_bg_01ae33fc","DetailInfo\TamerStatus_Win_04_bg.tga"
"FUN_011dc210","011dc210","decompiled\DetailInfoUI\BuildTamerDigimonPreviewSection.original.c","011dc685","01ac5990","s_COMMON_TXT_SHORT_LEVEL_01ac5990","COMMON_TXT_SHORT_LEVEL"
"FUN_011dc210","011dc210","decompiled\DetailInfoUI\BuildTamerDigimonPreviewSection.original.c","011dc3d0","01ae2b90","s_DetailInfo\TamerStatus_Digimon_T_01ae2b90","DetailInfo\TamerStatus_Digimon_Tamer.tga"
"FUN_011dc210","011dc210","decompiled\DetailInfoUI\BuildTamerDigimonPreviewSection.original.c","011dc3fb","01ae2b90","s_DetailInfo\TamerStatus_Digimon_T_01ae2b90","DetailInfo\TamerStatus_Digimon_Tamer.tga"
"FUN_011dc210","011dc210","decompiled\DetailInfoUI\BuildTamerDigimonPreviewSection.original.c","011dc2c3","01ae2bbc","s_DetailInfo\Storage_M_field_a.tga_01ae2bbc","DetailInfo\Storage_M_field_a.tga"
"FUN_011dc210","011dc210","decompiled\DetailInfoUI\BuildTamerDigimonPreviewSection.original.c","011dc2ee","01ae2bbc","s_DetailInfo\Storage_M_field_a.tga_01ae2bbc","DetailInfo\Storage_M_field_a.tga"
"FUN_011db440","011db440","decompiled\DetailInfoUI\BuildTamerEquipmentSection.original.c","011db5b2","01ad83b4","s_DMG_SKINS\Mini_Out_btn_a.tga_01ad83b4","DMG_SKINS\Mini_Out_btn_a.tga"
"FUN_011db440","011db440","decompiled\DetailInfoUI\BuildTamerEquipmentSection.original.c","011db67d","01ae32f8","s_MAINBAR_MEMU_SEAL_MASTER_01ae32f8","MAINBAR_MEMU_SEAL_MASTER"
"FUN_011db440","011db440","decompiled\DetailInfoUI\BuildTamerEquipmentSection.original.c","011db68b","01ae3460","s_DETAIL_INFO_EQUIP_01ae3460","DETAIL_INFO_EQUIP"
"FUN_011dbca0","011dbca0","decompiled\DetailInfoUI\BuildTamerObtainedAttributes.original.c","011dbd5e","01ae3424","s_DETAIL_INFO_DATA_01ae3424","DETAIL_INFO_DATA"
"FUN_011d82a0","011d82a0","decompiled\DetailInfoUI\BuildVisibilityToggleButton.original.c","011d82c0","01ae2fc4","s_DetailInfo\Autocrop_OFF_Btn.bmp_01ae2fc4","DetailInfo\Autocrop_OFF_Btn.bmp"
"FUN_011d82a0","011d82a0","decompiled\DetailInfoUI\BuildVisibilityToggleButton.original.c","011d82df","01ae2fc4","s_DetailInfo\Autocrop_OFF_Btn.bmp_01ae2fc4","DetailInfo\Autocrop_OFF_Btn.bmp"
"FUN_011d82a0","011d82a0","decompiled\DetailInfoUI\BuildVisibilityToggleButton.original.c","011d82d3","01ae2fe4","s_DetailInfo\Autocrop_ON_Btn.bmp_01ae2fe4","DetailInfo\Autocrop_ON_Btn.bmp"
"FUN_011d82a0","011d82a0","decompiled\DetailInfoUI\BuildVisibilityToggleButton.original.c","011d82df","01ae2fe4","s_DetailInfo\Autocrop_ON_Btn.bmp_01ae2fe4","DetailInfo\Autocrop_ON_Btn.bmp"
"FUN_011d50f0","011d50f0","decompiled\DetailInfoUI\FinalizeDigimonDetailPanel.original.c","011d526d","01abdaa4","s_list_too_long_01abdaa4","list too long"
"FUN_011daf90","011daf90","decompiled\DetailInfoUI\PrepareTamerDetailControls.original.c","011db35b","01abdaa4","s_list_too_long_01abdaa4","list too long"
"FUN_011d3690","011d3690","decompiled\DetailInfoUI\RenderDigimonDataSection.original.c","011d374b","01ae2be0","s_DETAIL_INFO_DIGIDATA_01ae2be0","DETAIL_INFO_DIGIDATA"
"FUN_011dd050","011dd050","decompiled\DetailInfoUI\ResolveDetailInfoStatText.original.c","011dd137","01ac5158","s_COMMON_TXT_STAT_DEFENSE_01ac5158","COMMON_TXT_STAT_DEFENSE"
"FUN_011dd050","011dd050","decompiled\DetailInfoUI\ResolveDetailInfoStatText.original.c","011dd0c9","01ac5194","s_COMMON_TXT_ATTACK_SPEED_01ac5194","COMMON_TXT_ATTACK_SPEED"
"FUN_011dd050","011dd050","decompiled\DetailInfoUI\ResolveDetailInfoStatText.original.c","011dd0e5","01ac51c4","s_COMMON_TXT_STAT_HIT_RATE_01ac51c4","COMMON_TXT_STAT_HIT_RATE"
"FUN_011dd050","011dd050","decompiled\DetailInfoUI\ResolveDetailInfoStatText.original.c","011dd126","01ac58e4","s_DETAIL_INFO_ELEDMENT_DAMAGE_01ac58e4","DETAIL_INFO_ELEDMENT_DAMAGE"
"FUN_011dd050","011dd050","decompiled\DetailInfoUI\ResolveDetailInfoStatText.original.c","011dd0bb","01ade08c","s_TOOLTIP_ENCHANT_EXPLAIN_TITLE_AT_01ade08c","TOOLTIP_ENCHANT_EXPLAIN_TITLE_AT"
"FUN_011dd050","011dd050","decompiled\DetailInfoUI\ResolveDetailInfoStatText.original.c","011dd0d7","01ae3488","s_TOOLTIP_ENCHANT_EXPLAIN_TITLE_CR_01ae3488","TOOLTIP_ENCHANT_EXPLAIN_TITLE_CR"
"FUN_011dd050","011dd050","decompiled\DetailInfoUI\ResolveDetailInfoStatText.original.c","011dd06e","01ae34ac","s_TOOLTIP_ENCHANT_EXPLAIN_TITLE_HP_01ae34ac","TOOLTIP_ENCHANT_EXPLAIN_TITLE_HP"
"FUN_011dd050","011dd050","decompiled\DetailInfoUI\ResolveDetailInfoStatText.original.c","011dd104","01ae34d0","s_DETAIL_INFO_CRIDAMAGE_01ae34d0","DETAIL_INFO_CRIDAMAGE"
"FUN_011dd050","011dd050","decompiled\DetailInfoUI\ResolveDetailInfoStatText.original.c","011dd0f3","01ae34e8","s_DETAIL_INFO_SCD_01ae34e8","DETAIL_INFO_SCD"
"FUN_011dd050","011dd050","decompiled\DetailInfoUI\ResolveDetailInfoStatText.original.c","011dd148","01ae34f8","s_TOOLTIP_ENCHANT_EXPLAIN_TITLE_BL_01ae34f8","TOOLTIP_ENCHANT_EXPLAIN_TITLE_BL"
"FUN_011dd050","011dd050","decompiled\DetailInfoUI\ResolveDetailInfoStatText.original.c","011dd115","01ae351c","s_DETAIL_INFO_SD_01ae351c","DETAIL_INFO_SD"
"FUN_011dd050","011dd050","decompiled\DetailInfoUI\ResolveDetailInfoStatText.original.c","011dd159","01ae352c","s_TOOLTIP_ENCHANT_EXPLAIN_TITLE_EV_01ae352c","TOOLTIP_ENCHANT_EXPLAIN_TITLE_EV"
"caseD_1","011da506","decompiled\DetailInfoUI\ResolveSealMasterDsTextCase.original.c","011da50d","01ae32e4","s_SEALMASTER_STATE_DS_01ae32e4","SEALMASTER_STATE_DS"
"FUN_011da4b0","011da4b0","decompiled\DetailInfoUI\ResolveSealMasterStatText.original.c","011da51b","01ad7490","s_SEALMASTER_STATE_AT_01ad7490","SEALMASTER_STATE_AT"
"FUN_011da4b0","011da4b0","decompiled\DetailInfoUI\ResolveSealMasterStatText.original.c","011da537","01ad74d8","s_SEALMASTER_STATE_CT_01ad74d8","SEALMASTER_STATE_CT"
"FUN_011da4b0","011da4b0","decompiled\DetailInfoUI\ResolveSealMasterStatText.original.c","011da564","01ad74ec","s_SEALMASTER_STATE_BL_01ad74ec","SEALMASTER_STATE_BL"
"FUN_011da4b0","011da4b0","decompiled\DetailInfoUI\ResolveSealMasterStatText.original.c","011da4ce","01ad7500","s_SEALMASTER_STATE_HP_01ad7500","SEALMASTER_STATE_HP"
"FUN_011da4b0","011da4b0","decompiled\DetailInfoUI\ResolveSealMasterStatText.original.c","011da575","01ad7514","s_SEALMASTER_STATE_EV_01ad7514","SEALMASTER_STATE_EV"
"FUN_011da4b0","011da4b0","decompiled\DetailInfoUI\ResolveSealMasterStatText.original.c","011da545","01ae3314","s_SEALMASTER_STATE_HT_01ae3314","SEALMASTER_STATE_HT"
"FUN_011da4b0","011da4b0","decompiled\DetailInfoUI\ResolveSealMasterStatText.original.c","011da529","01ae3328","s_SEALMASTER_STATE_AS_01ae3328","SEALMASTER_STATE_AS"
"FUN_011da4b0","011da4b0","decompiled\DetailInfoUI\ResolveSealMasterStatText.original.c","011da553","01ae333c","s_SEALMASTER_STATE_DE_01ae333c","SEALMASTER_STATE_DE"
"FUN_011ed0a0","011ed0a0","decompiled\Shared\BuildSharedDetailRewardPanel.original.c","011ed10f","01ae2e20","s_DetailInfo\DetailInfo_bg_b.tga_01ae2e20","DetailInfo\DetailInfo_bg_b.tga"
"FUN_011ed0a0","011ed0a0","decompiled\Shared\BuildSharedDetailRewardPanel.original.c","011ed130","01ae3eb4","s_UNION_REWARD_01ae3eb4","UNION_REWARD"
"FUN_0128bd60","0128bd60","decompiled\StatusUI\CreateDigimonStatusHelpUI.original.c","0128bf53","01ae9d40","s_DigimonStatusUI_Help_01ae9d40","DigimonStatusUI_Help"
"FUN_0128bcc0","0128bcc0","decompiled\StatusUI\CreateDigimonStatusUI.original.c","0128bd23","01ae9d58","s_DigimonStatusUI_01ae9d58","DigimonStatusUI"
"FUN_0128bab0","0128bab0","decompiled\StatusUI\CreateTamerStatusUI.original.c","0128bb89","01ae9d30","s_TamerStatusUI_01ae9d30","TamerStatusUI"
