"AssetPath","PackHint","FoundBy","Address","ExtractionStatus"
"CommonUI\CommonUI_close.tga","Pack01 / Data\\Interface","decompiled\DetailInfoUI\BuildSealMasterCloseButton.original.c","01ad3144","referenced-only; texture pack not unpacked here"
"CommonUI\NinePatch\center_gradient2.tga","Pack01 / Data\\Interface","decompiled\DetailInfoUI\BuildEquipmentDetailList.original.c","01adc654","referenced-only; texture pack not unpacked here"
"DetailInfo\Autocrop_OFF_Btn.bmp","Pack01 / Data\\Interface","decompiled\DetailInfoUI\BuildVisibilityToggleButton.original.c","01ae2fc4","referenced-only; texture pack not unpacked here"
"DetailInfo\Autocrop_ON_Btn.bmp","Pack01 / Data\\Interface","decompiled\DetailInfoUI\BuildVisibilityToggleButton.original.c","01ae2fe4","referenced-only; texture pack not unpacked here"
"DetailInfo\Detailinfo_bg_a.tga","Pack01 / Data\\Interface","decompiled\DetailInfoUI\BuildSealMasterPanel.original.c","01ae32c4","referenced-only; texture pack not unpacked here"
"DetailInfo\DetailInfo_bg_b.tga","Pack01 / Data\\Interface","decompiled\DetailInfoUI\BuildEquipmentPanel.original.c","01ae2e20","referenced-only; texture pack not unpacked here"
"DetailInfo\DetailInfo_bg_b.tga","Pack01 / Data\\Interface","decompiled\Shared\BuildSharedDetailRewardPanel.original.c","01ae2e20","referenced-only; texture pack not unpacked here"
"DetailInfo\Digimon_Status_Win.tga","Pack01 / Data\\Interface","decompiled\DetailInfoUI\BuildDigimonDetailRoot.original.c","01ae2b44","referenced-only; texture pack not unpacked here"
"DetailInfo\Enchant_AT.tga","Pack01 / Data\\Interface","decompiled\DetailInfoUI\BuildDigimonEnchantPanel.original.c","01ae2ce4","referenced-only; texture pack not unpacked here"
"DetailInfo\Enchant_bl.tga","Pack01 / Data\\Interface","decompiled\DetailInfoUI\BuildDigimonEnchantPanel.original.c","01ae2d3c","referenced-only; texture pack not unpacked here"
"DetailInfo\Enchant_ct.tga","Pack01 / Data\\Interface","decompiled\DetailInfoUI\BuildDigimonEnchantPanel.original.c","01ae2d20","referenced-only; texture pack not unpacked here"
"DetailInfo\Enchant_ev.tga","Pack01 / Data\\Interface","decompiled\DetailInfoUI\BuildDigimonEnchantPanel.original.c","01ae2d74","referenced-only; texture pack not unpacked here"
"DetailInfo\Enchant_HP.tga","Pack01 / Data\\Interface","decompiled\DetailInfoUI\BuildDigimonEnchantPanel.original.c","01ae2d58","referenced-only; texture pack not unpacked here"
"DetailInfo\Infinite_Match_window_Test04.tga","Pack01 / Data\\Interface","decompiled\DetailInfoUI\BuildEquipmentDetailList.original.c","01ae2e8c","referenced-only; texture pack not unpacked here"
"DetailInfo\Infinite_Match_window_Test05.tga","Pack01 / Data\\Interface","decompiled\DetailInfoUI\BuildEquipmentDetailList.original.c","01ae2ef8","referenced-only; texture pack not unpacked here"
"DetailInfo\RemainTimerBG.tga","Pack01 / Data\\Interface","decompiled\DetailInfoUI\BuildDigimonInfoBox.original.c","01ae2bf8","referenced-only; texture pack not unpacked here"
"DetailInfo\skin_bg_a.tga","Pack01 / Data\\Interface","decompiled\DetailInfoUI\BuildAdditionalStatPanel.original.c","01ae2a3c","referenced-only; texture pack not unpacked here"
"DetailInfo\Storage_M_field_a.tga","Pack01 / Data\\Interface","decompiled\DetailInfoUI\BuildDigimonInfoPanel.original.c","01ae2bbc","referenced-only; texture pack not unpacked here"
"DetailInfo\Storage_M_field_a.tga","Pack01 / Data\\Interface","decompiled\DetailInfoUI\BuildTamerDigimonPreviewSection.original.c","01ae2bbc","referenced-only; texture pack not unpacked here"
"DetailInfo\TamerStatus_Digimon_Tamer.tga","Pack01 / Data\\Interface","decompiled\DetailInfoUI\BuildDigimonInfoPanel.original.c","01ae2b90","referenced-only; texture pack not unpacked here"
"DetailInfo\TamerStatus_Digimon_Tamer.tga","Pack01 / Data\\Interface","decompiled\DetailInfoUI\BuildTamerDigimonPreviewSection.original.c","01ae2b90","referenced-only; texture pack not unpacked here"
"DetailInfo\tamerstatus_win_01_bg.tga","Pack01 / Data\\Interface","decompiled\DetailInfoUI\BuildEquipmentDetailList.original.c","01ae2ed0","referenced-only; texture pack not unpacked here"
"DetailInfo\TamerStatus_win_02_bg.tga","Pack01 / Data\\Interface","decompiled\DetailInfoUI\BuildTamerAttributePanel.original.c","01ae3438","referenced-only; texture pack not unpacked here"
"DetailInfo\TamerStatus_Win_03_bg.tga","Pack01 / Data\\Interface","decompiled\DetailInfoUI\BuildDigimonDetailRoot.original.c","01ae2b68","referenced-only; texture pack not unpacked here"
"DetailInfo\TamerStatus_Win_03_bg.tga","Pack01 / Data\\Interface","decompiled\DetailInfoUI\BuildTamerDetailRoot.original.c","01ae2b68","referenced-only; texture pack not unpacked here"
"DetailInfo\TamerStatus_Win_04_bg.tga","Pack01 / Data\\Interface","decompiled\DetailInfoUI\BuildTamerDetailRoot.original.c","01ae33fc","referenced-only; texture pack not unpacked here"
"DetailInfo\zoom_in_aa.tga","Pack01 / Data\\Interface","decompiled\DetailInfoUI\BuildDigimonDetailRoot.original.c","01ae2cc8","referenced-only; texture pack not unpacked here"
"DigimonStatus_New\Digimon_Status_Enchant_01.tga","Pack01 / Data\\Interface","decompiled\DetailInfoUI\BuildDigimonEnchantPanel.original.c","01ae2c80","referenced-only; texture pack not unpacked here"
"DMG_SKINS\Mini_Out_btn_a.tga","Pack01 / Data\\Interface","decompiled\DetailInfoUI\BuildTamerEquipmentSection.original.c","01ad83b4","referenced-only; texture pack not unpacked here"
"EquipSystem\Upgrade_Slot.tga","Pack01 / Data\\Interface","decompiled\DetailInfoUI\BuildDigimonSkillSection.original.c","01ae2c40","referenced-only; texture pack not unpacked here"
"Icon\Mask_Over.dds","Pack01 / Data\\Interface","decompiled\DetailInfoUI\BuildTamerAttributePanel.original.c","01ad4b4c","referenced-only; texture pack not unpacked here"
"Mail\Mail_List_Box.tga","Pack01 / Data\\Interface","decompiled\DetailInfoUI\BuildEquipmentDetailList.original.c","01ad56c4","referenced-only; texture pack not unpacked here"
"TacticsHouse\CheckOnline.tga","Pack01 / Data\\Interface","decompiled\DetailInfoUI\BuildDigimonAdvancePanel.original.c","01ae2c60","referenced-only; texture pack not unpacked here"
"TacticsHouse\CheckOnline.tga","Pack01 / Data\\Interface","decompiled\DetailInfoUI\BuildDigimonEnchantPanel.original.c","01ae2c60","referenced-only; texture pack not unpacked here"
"TacticsHouse\Storage_M_field.tga","Pack01 / Data\\Interface","decompiled\DetailInfoUI\BuildDigimonInfoPanel.original.c","01ad8e18","referenced-only; texture pack not unpacked here"
"TacticsHouse\Storage_M_field.tga","Pack01 / Data\\Interface","decompiled\DetailInfoUI\BuildEquippedAchievementSection.original.c","01ad8e18","referenced-only; texture pack not unpacked here"
