asset_path,address,pack,status,function_files
Cash\NewCashShop\Store_btn_G1.tga,01ada978,Pack01,decompiled-ui-ref,011b8650.original.c;011c39f0.original.c;011fdd70.original.c
CommonUI\arrow_Right.tga,01ad6e94,Pack01,decompiled-ui-ref,011c2a30.original.c;011fced0.original.c
CommonUI\digimon_rank.dds,01ad8c38,Pack01,decompiled-ui-ref,011c3270.original.c;011c4af0.original.c;011c55f0.original.c
CommonUI\Digimon_rank_new.dds,01ae49e4,Pack01,decompiled-ui-ref,011fd5f0.original.c;011fea60.original.c;011ff560.original.c
CommonUI\Slot\Windows_Scroll2.tga,01adc924,Pack01,decompiled-ui-ref,011c4af0.original.c;011c55f0.original.c;011fea60.original.c;011ff560.original.c
CommonUI\Unionmon_rank.dds,01ae4a20,Pack01,decompiled-ui-ref,011fea60.original.c
Control_G\Popup\N2Dlg5.tga,01ae0f00,Pack01,decompiled-ui-ref,011c4af0.original.c;011c55f0.original.c;011fea60.original.c;011ff560.original.c
DigiCombine\DigiCombine_CardBack.dds,01ae1a84,Pack01,decompiled-ui-ref,011b8e70.original.c;011ba450.original.c;011ba730.original.c;011c2a30.original.c;011c7b10.original.c;011c8b10.original.c;011c8df0.original.c;011fced0.original.c;012012e0.original.c;012022e0.original.c;012025c0.original.c
DigiCombine\DigiCombine_CardFront.dds,01ae106c,Pack01,decompiled-ui-ref,011a7b60.original.c;011ba870.original.c;011ba9b0.original.c;011c8f30.original.c;011c9070.original.c
DigiCombine\DigiCombine_Gacha_Bg_A.dds,01ae1aac,Pack01,decompiled-ui-ref,011b8e70.original.c;011bac80.original.c;011c7b10.original.c;011c9340.original.c;01202880.original.c
DigiCombine\DigiCombine_Gacha_Bg_Aplus.dds,01ae1dc4,Pack01,decompiled-ui-ref,011bac80.original.c;011c9340.original.c;01202880.original.c
DigiCombine\DigiCombine_Gacha_Bg_N.dds,01ae1d48,Pack01,decompiled-ui-ref,011bac80.original.c;012012e0.original.c;01202880.original.c
DigiCombine\DigiCombine_Gacha_Bg_S.dds,01ae1d9c,Pack01,decompiled-ui-ref,011bac80.original.c;011c9340.original.c;01202880.original.c
DigiCombine\DigiCombine_Gacha_Bg_Splus.dds,01ae1e18,Pack01,decompiled-ui-ref,011bac80.original.c;011c9340.original.c;01202880.original.c
DigiCombine\DigiCombine_Gacha_Bg_SS.dds,01ae1df0,Pack01,decompiled-ui-ref,011bac80.original.c;011c9340.original.c;01202880.original.c
DigiCombine\DigiCombine_Gacha_Bg_SSplus.dds,01ae1e70,Pack01,decompiled-ui-ref,011bac80.original.c;011c9340.original.c;01202880.original.c
DigiCombine\DigiCombine_Gacha_Bg_SSS.dds,01ae1e44,Pack01,decompiled-ui-ref,011bac80.original.c;011c9340.original.c;01202880.original.c
DigiCombine\DigiCombine_Gacha_Bg_SSSplus.dds,01ae1ec4,Pack01,decompiled-ui-ref,011bac80.original.c;011c9340.original.c;01202880.original.c
DigiCombine\DigiCombine_Gacha_Bg_U.dds,01ae1e9c,Pack01,decompiled-ui-ref,011bac80.original.c;011c9340.original.c;01202880.original.c
DigiCombine\DigiCombine_Gacha_Bg_Uplus.dds,01ae1ef4,Pack01,decompiled-ui-ref,011bac80.original.c;011c9340.original.c;01202880.original.c
DigiCombine\DigiCombine_Gacha_Change.dds,01ae1ad4,Pack01,decompiled-ui-ref,011b8e70.original.c;011c7b10.original.c;012012e0.original.c
DigiCombine\DigiCombine_Gacha_End_A.dds,01ae1b28,Pack01,decompiled-ui-ref,011b8e70.original.c;011bab00.original.c;011c7b10.original.c;011c91c0.original.c;012012e0.original.c;01202700.original.c
DigiCombine\DigiCombine_Gacha_End_Aplus.dds,01ae1c10,Pack01,decompiled-ui-ref,011bab00.original.c;011c91c0.original.c;01202700.original.c
DigiCombine\DigiCombine_Gacha_End_N.dds,01ae1b98,Pack01,decompiled-ui-ref,011bab00.original.c;01202700.original.c
DigiCombine\DigiCombine_Gacha_End_S.dds,01ae1be8,Pack01,decompiled-ui-ref,011bab00.original.c;011c91c0.original.c;01202700.original.c
DigiCombine\DigiCombine_Gacha_End_Splus.dds,01ae1c68,Pack01,decompiled-ui-ref,011bab00.original.c;011c91c0.original.c;01202700.original.c
DigiCombine\DigiCombine_Gacha_End_SS.dds,01ae1c3c,Pack01,decompiled-ui-ref,011bab00.original.c;011c91c0.original.c;01202700.original.c
DigiCombine\DigiCombine_Gacha_End_SSplus.dds,01ae1cc0,Pack01,decompiled-ui-ref,011bab00.original.c;011c91c0.original.c;01202700.original.c
DigiCombine\DigiCombine_Gacha_End_SSS.dds,01ae1c94,Pack01,decompiled-ui-ref,011bab00.original.c;011c91c0.original.c;01202700.original.c
DigiCombine\DigiCombine_Gacha_End_SSSplus.dds,01ae1d18,Pack01,decompiled-ui-ref,011bab00.original.c;011c91c0.original.c;01202700.original.c
DigiCombine\DigiCombine_Gacha_End_U.dds,01ae1cf0,Pack01,decompiled-ui-ref,011bab00.original.c;011c91c0.original.c;01202700.original.c
DigiCombine\DigiCombine_Gacha_End_Uplus.dds,01ae1d70,Pack01,decompiled-ui-ref,011bab00.original.c;011c91c0.original.c;01202700.original.c
DigiCombine\DigiCombine_Gacha_Start.dds,01ae1a5c,Pack01,decompiled-ui-ref,011b8e70.original.c;011c7b10.original.c;012012e0.original.c
DigiCombine\DigiCombine_Slot_Empty.dds,01ae228c,Pack01,decompiled-ui-ref,011c3270.original.c;011fd5f0.original.c
DigiCombine\DigiCombine_Slot_rank.dds,01ae22e8,Pack01,decompiled-ui-ref,011c3270.original.c;011c4af0.original.c;011c55f0.original.c;011fd5f0.original.c;011fea60.original.c;011ff560.original.c
Digimon_Ev_UI\Ev_Btn.tga,01ad9a64,Pack01,decompiled-ui-ref,011c39f0.original.c
Random_box\bg.png,01adb0b4,Pack01,decompiled-ui-ref,011befd0.original.c;011f9d20.original.c
Random_box\button\done.tga,01adac0c,Pack01,decompiled-ui-ref,011b8650.original.c;011c39f0.original.c;011fdd70.original.c
Random_box\button\Purchase_1.tga,01adaf28,Pack01,decompiled-ui-ref,011c39f0.original.c;011fdd70.original.c
Random_box\button\Repurchase.tga,01adac48,Pack01,decompiled-ui-ref,011b8650.original.c;011c39f0.original.c;011fdd70.original.c
Random_box\gauge.png,01adaca0,Pack01,decompiled-ui-ref,011c4af0.original.c;011fea60.original.c
Random_box\popup\rate_popup\rate_popup_9.png,01ae2224,Pack01,decompiled-ui-ref,011c1420.original.c;011fbcd0.original.c
SealMaster\sealmaster_bg_01.tga,01ae104c,Pack01,decompiled-ui-ref,011a7b60.original.c
SealMaster\sealmaster_highlight.tga,01ae0f60,Pack01,decompiled-ui-ref,011c3270.original.c;011c4af0.original.c;011c55f0.original.c;011fd5f0.original.c;011fea60.original.c;011ff560.original.c
System\DigiCombine_Gacha_Change.wav,01ae1b74,Pack01,decompiled-ui-ref,011ba730.original.c;011c8df0.original.c;012025c0.original.c
System\DigiCombine_Gacha_Default.wav,01ae1bc0,Pack01,decompiled-ui-ref,011baa40.original.c;011c9100.original.c
System\DigiCombine_Gacha_Progress.wav,01ae1b00,Pack01,decompiled-ui-ref,011b9f70.original.c;011ba1e0.original.c;011ba600.original.c;011c76d0.original.c;011c8cc0.original.c;01200ea0.original.c;01202490.original.c
System\DigiCombine_Gacha_Rare.wav,01ae1b50,Pack01,decompiled-ui-ref,011baa40.original.c;011c9100.original.c
Unionmon_Ev_UI\Ev_Btn.tga,01ae4a3c,Pack01,decompiled-ui-ref,011fdd70.original.c
