"from_entry","from_function","to_addr","to_symbol","ref_type"
"00f1e9a0","FUN_00f1e9a0","011ee3c0","FUN_011ee3c0","UNCONDITIONAL_CALL"
"00f808f0","FUN_00f808f0","00f1b390","FUN_00f1b390","UNCONDITIONAL_CALL"
"00f808f0","FUN_00f808f0","00f1b390","FUN_00f1b390","UNCONDITIONAL_CALL"
"00f808f0","FUN_00f808f0","00f1b390","FUN_00f1b390","UNCONDITIONAL_CALL"
"00f808f0","FUN_00f808f0","00f1b390","FUN_00f1b390","UNCONDITIONAL_CALL"
"00f808f0","FUN_00f808f0","00f1e050","FUN_00f1e050","UNCONDITIONAL_CALL"
"00f808f0","FUN_00f808f0","00f547c0","FUN_00f547c0","UNCONDITIONAL_CALL"
"00f808f0","FUN_00f808f0","00f54dc0","FUN_00f54dc0","UNCONDITIONAL_CALL"
"00f808f0","FUN_00f808f0","00f5c3f0","FUN_00f5c3f0","UNCONDITIONAL_CALL"
"00f808f0","FUN_00f808f0","00f5c3f0","FUN_00f5c3f0","UNCONDITIONAL_CALL"
"00f808f0","FUN_00f808f0","00f5dab0","FUN_00f5dab0","UNCONDITIONAL_CALL"
"00f808f0","FUN_00f808f0","00f5dab0","FUN_00f5dab0","UNCONDITIONAL_CALL"
"00f808f0","FUN_00f808f0","01293d20","FUN_01293d20","UNCONDITIONAL_CALL"
"00f808f0","FUN_00f808f0","01293d20","FUN_01293d20","UNCONDITIONAL_CALL"
"00f808f0","FUN_00f808f0","01293d20","FUN_01293d20","UNCONDITIONAL_CALL"
"00f808f0","FUN_00f808f0","01293d20","FUN_01293d20","UNCONDITIONAL_CALL"
"00f808f0","FUN_00f808f0","01293d20","FUN_01293d20","UNCONDITIONAL_CALL"
"00f808f0","FUN_00f808f0","012945f0","FUN_012945f0","UNCONDITIONAL_CALL"
"00f808f0","FUN_00f808f0","012eba00","FUN_012eba00","UNCONDITIONAL_CALL"
"00f808f0","FUN_00f808f0","014414a0","FUN_014414a0","UNCONDITIONAL_CALL"
"00f808f0","FUN_00f808f0","014414a0","FUN_014414a0","UNCONDITIONAL_CALL"
"00f808f0","FUN_00f808f0","01467b00","FUN_01467b00","UNCONDITIONAL_CALL"
"00f808f0","FUN_00f808f0","0147ab50","FUN_0147ab50","UNCONDITIONAL_CALL"
"00f808f0","FUN_00f808f0","01487b70","FUN_01487b70","UNCONDITIONAL_CALL"
"00f808f0","FUN_00f808f0","01487b70","FUN_01487b70","UNCONDITIONAL_CALL"
"00f808f0","FUN_00f808f0","01487b70","FUN_01487b70","UNCONDITIONAL_CALL"
"00f808f0","FUN_00f808f0","01489f70","FUN_01489f70","UNCONDITIONAL_CALL"
"00f808f0","FUN_00f808f0","01489f70","FUN_01489f70","UNCONDITIONAL_CALL"
"00f808f0","FUN_00f808f0","01489f70","FUN_01489f70","UNCONDITIONAL_CALL"
"00f808f0","FUN_00f808f0","0148a890","FUN_0148a890","UNCONDITIONAL_CALL"
"00f808f0","FUN_00f808f0","0148a890","FUN_0148a890","UNCONDITIONAL_CALL"
"00f808f0","FUN_00f808f0","015aa730","FUN_015aa730","UNCONDITIONAL_CALL"
"00f808f0","FUN_00f808f0","015aa730","FUN_015aa730","UNCONDITIONAL_CALL"
"00f808f0","FUN_00f808f0","01692c40","FUN_01692c40","UNCONDITIONAL_CALL"
"00f808f0","FUN_00f808f0","01692c40","FUN_01692c40","UNCONDITIONAL_CALL"
"00f808f0","FUN_00f808f0","01692d50","FUN_01692d50","UNCONDITIONAL_CALL"
"00f808f0","FUN_00f808f0","01694ab0","FUN_01694ab0","UNCONDITIONAL_CALL"
"00f808f0","FUN_00f808f0","01694ab0","FUN_01694ab0","UNCONDITIONAL_CALL"
"00f808f0","FUN_00f808f0","01694dd0","FUN_01694dd0","UNCONDITIONAL_CALL"
"00f808f0","FUN_00f808f0","01694dd0","FUN_01694dd0","UNCONDITIONAL_CALL"
"00f808f0","FUN_00f808f0","0169ab10","FUN_0169ab10","UNCONDITIONAL_CALL"
"00f808f0","FUN_00f808f0","0169b2f0","FUN_0169b2f0","UNCONDITIONAL_CALL"
"00f808f0","FUN_00f808f0","0169c4f0","FUN_0169c4f0","UNCONDITIONAL_CALL"
"00f808f0","FUN_00f808f0","0169c4f0","FUN_0169c4f0","UNCONDITIONAL_CALL"
"00f808f0","FUN_00f808f0","0169c4f0","FUN_0169c4f0","UNCONDITIONAL_CALL"
"00f808f0","FUN_00f808f0","016a0910","FUN_016a0910","UNCONDITIONAL_CALL"
"00f808f0","FUN_00f808f0","016a0910","FUN_016a0910","UNCONDITIONAL_CALL"
"00f808f0","FUN_00f808f0","016a0910","FUN_016a0910","UNCONDITIONAL_CALL"
"00f81420","FUN_00f81420","014484b0","FUN_014484b0","UNCONDITIONAL_CALL"
"00f81940","FUN_00f81940","00f19f10","FUN_00f19f10","UNCONDITIONAL_CALL"
"00f81940","FUN_00f81940","00f19f10","FUN_00f19f10","UNCONDITIONAL_CALL"
"00f81940","FUN_00f81940","00f19f10","FUN_00f19f10","UNCONDITIONAL_CALL"
"00f81940","FUN_00f81940","00f19f10","FUN_00f19f10","UNCONDITIONAL_CALL"
"00f81940","FUN_00f81940","00f19f10","FUN_00f19f10","UNCONDITIONAL_CALL"
"00f81940","FUN_00f81940","00f1a420","FUN_00f1a420","UNCONDITIONAL_CALL"
"00f81940","FUN_00f81940","00f1a420","FUN_00f1a420","UNCONDITIONAL_CALL"
"00f81940","FUN_00f81940","00f1a420","FUN_00f1a420","UNCONDITIONAL_CALL"
"00f81940","FUN_00f81940","00f1a420","FUN_00f1a420","UNCONDITIONAL_CALL"
"00f81940","FUN_00f81940","00f1a420","FUN_00f1a420","UNCONDITIONAL_CALL"
"00f81940","FUN_00f81940","00f808f0","FUN_00f808f0","UNCONDITIONAL_CALL"
"00f81940","FUN_00f81940","0123de10","FUN_0123de10","UNCONDITIONAL_CALL"
"00f81940","FUN_00f81940","0123de10","FUN_0123de10","UNCONDITIONAL_CALL"
"00f81940","FUN_00f81940","0123de10","FUN_0123de10","UNCONDITIONAL_CALL"
"00f81940","FUN_00f81940","0123de10","FUN_0123de10","UNCONDITIONAL_CALL"
"00f81940","FUN_00f81940","0123de10","FUN_0123de10","UNCONDITIONAL_CALL"
"00f81940","FUN_00f81940","0123e330","FUN_0123e330","UNCONDITIONAL_CALL"
"00f81940","FUN_00f81940","0123e330","FUN_0123e330","UNCONDITIONAL_CALL"
"00f81940","FUN_00f81940","0123e330","FUN_0123e330","UNCONDITIONAL_CALL"
"00f81940","FUN_00f81940","0123e330","FUN_0123e330","UNCONDITIONAL_CALL"
"00f81940","FUN_00f81940","0123e330","FUN_0123e330","UNCONDITIONAL_CALL"
"00f81940","FUN_00f81940","012404a0","FUN_012404a0","UNCONDITIONAL_CALL"
"00f81940","FUN_00f81940","012404a0","FUN_012404a0","UNCONDITIONAL_CALL"
"00f81940","FUN_00f81940","012404a0","FUN_012404a0","UNCONDITIONAL_CALL"
"00f81940","FUN_00f81940","012404a0","FUN_012404a0","UNCONDITIONAL_CALL"
"00f81940","FUN_00f81940","012404a0","FUN_012404a0","UNCONDITIONAL_CALL"
"00f81940","FUN_00f81940","012404a0","FUN_012404a0","UNCONDITIONAL_CALL"
"00f81940","FUN_00f81940","01240640","FUN_01240640","UNCONDITIONAL_CALL"
"00f81940","FUN_00f81940","01240640","FUN_01240640","UNCONDITIONAL_CALL"
"00f81940","FUN_00f81940","01240640","FUN_01240640","UNCONDITIONAL_CALL"
"00f81940","FUN_00f81940","01240640","FUN_01240640","UNCONDITIONAL_CALL"
"00f81940","FUN_00f81940","01240640","FUN_01240640","UNCONDITIONAL_CALL"
"00f81940","FUN_00f81940","01240640","FUN_01240640","UNCONDITIONAL_CALL"
"00f81940","FUN_00f81940","0124ef30","FUN_0124ef30","UNCONDITIONAL_CALL"
"00f81940","FUN_00f81940","0124ef30","FUN_0124ef30","UNCONDITIONAL_CALL"
"00f81940","FUN_00f81940","0124ef30","FUN_0124ef30","UNCONDITIONAL_CALL"
"00f81940","FUN_00f81940","0124ef30","FUN_0124ef30","UNCONDITIONAL_CALL"
"00f81940","FUN_00f81940","0124ef30","FUN_0124ef30","UNCONDITIONAL_CALL"
"00f81940","FUN_00f81940","0124f150","FUN_0124f150","UNCONDITIONAL_CALL"
"00f81940","FUN_00f81940","0124f150","FUN_0124f150","UNCONDITIONAL_CALL"
"00f81940","FUN_00f81940","0124f150","FUN_0124f150","UNCONDITIONAL_CALL"
"00f81940","FUN_00f81940","0124f150","FUN_0124f150","UNCONDITIONAL_CALL"
"00f81940","FUN_00f81940","0124f150","FUN_0124f150","UNCONDITIONAL_CALL"
"00f81940","FUN_00f81940","015010a0","FUN_015010a0","UNCONDITIONAL_CALL"
"00f81940","FUN_00f81940","015010a0","FUN_015010a0","UNCONDITIONAL_CALL"
"00f81940","FUN_00f81940","015010a0","FUN_015010a0","UNCONDITIONAL_CALL"
"00f81940","FUN_00f81940","015010a0","FUN_015010a0","UNCONDITIONAL_CALL"
"00f81940","FUN_00f81940","015010a0","FUN_015010a0","UNCONDITIONAL_CALL"
"00f81940","FUN_00f81940","016830c0","FUN_016830c0","UNCONDITIONAL_CALL"
"00f81940","FUN_00f81940","016830c0","FUN_016830c0","UNCONDITIONAL_CALL"
"00f81940","FUN_00f81940","016830c0","FUN_016830c0","UNCONDITIONAL_CALL"
"00f81940","FUN_00f81940","016830c0","FUN_016830c0","UNCONDITIONAL_CALL"
"00f81940","FUN_00f81940","016830c0","FUN_016830c0","UNCONDITIONAL_CALL"
"00f81940","FUN_00f81940","016830c0","FUN_016830c0","UNCONDITIONAL_CALL"
"00f81940","FUN_00f81940","016830c0","FUN_016830c0","UNCONDITIONAL_CALL"
"00f81940","FUN_00f81940","016830c0","FUN_016830c0","UNCONDITIONAL_CALL"
"00f81940","FUN_00f81940","016830c0","FUN_016830c0","UNCONDITIONAL_CALL"
"00f81940","FUN_00f81940","016830c0","FUN_016830c0","UNCONDITIONAL_CALL"
"00f81940","FUN_00f81940","016830c0","FUN_016830c0","UNCONDITIONAL_CALL"
"00f81940","FUN_00f81940","016a9740","FUN_016a9740","UNCONDITIONAL_CALL"
"00f93340","FUN_00f93340","010ed3b0","FUN_010ed3b0","UNCONDITIONAL_CALL"
"00fac6f0","FUN_00fac6f0","012ce6a0","FUN_012ce6a0","UNCONDITIONAL_CALL"
"00fac6f0","FUN_00fac6f0","012cfc40","FUN_012cfc40","UNCONDITIONAL_CALL"
"00fe0160","FUN_00fe0160","014484b0","FUN_014484b0","UNCONDITIONAL_CALL"
"00fe31d0","FUN_00fe31d0","014484b0","FUN_014484b0","UNCONDITIONAL_CALL"
"00fee7e0","FUN_00fee7e0","00f81940","FUN_00f81940","UNCONDITIONAL_CALL"
"01087760","FUN_01087760","00f547c0","FUN_00f547c0","UNCONDITIONAL_CALL"
"01087760","FUN_01087760","00f54dc0","FUN_00f54dc0","UNCONDITIONAL_CALL"
"01087760","FUN_01087760","00ffcb30","FUN_00ffcb30","UNCONDITIONAL_CALL"
"01087760","FUN_01087760","0102cdd0","FUN_0102cdd0","UNCONDITIONAL_CALL"
"01087760","FUN_01087760","010883d0","FUN_010883d0","UNCONDITIONAL_CALL"
"01087760","FUN_01087760","014791e0","FUN_014791e0","UNCONDITIONAL_CALL"
"01087760","FUN_01087760","01692c40","FUN_01692c40","UNCONDITIONAL_CALL"
"010ed3b0","FUN_010ed3b0","00f547c0","FUN_00f547c0","UNCONDITIONAL_CALL"
"010ed3b0","FUN_010ed3b0","00f54dc0","FUN_00f54dc0","UNCONDITIONAL_CALL"
"010ed3b0","FUN_010ed3b0","014414a0","FUN_014414a0","UNCONDITIONAL_CALL"
"010ed3b0","FUN_010ed3b0","0147ab50","FUN_0147ab50","UNCONDITIONAL_CALL"
"010ed3b0","FUN_010ed3b0","01487b70","FUN_01487b70","UNCONDITIONAL_CALL"
"010ed3b0","FUN_010ed3b0","01487b70","FUN_01487b70","UNCONDITIONAL_CALL"
"010ed3b0","FUN_010ed3b0","01487b70","FUN_01487b70","UNCONDITIONAL_CALL"
"010ed3b0","FUN_010ed3b0","01487b70","FUN_01487b70","UNCONDITIONAL_CALL"
"010ed3b0","FUN_010ed3b0","01489f70","FUN_01489f70","UNCONDITIONAL_CALL"
"010ed3b0","FUN_010ed3b0","01489f70","FUN_01489f70","UNCONDITIONAL_CALL"
"010ed3b0","FUN_010ed3b0","01489f70","FUN_01489f70","UNCONDITIONAL_CALL"
"010ed3b0","FUN_010ed3b0","01489f70","FUN_01489f70","UNCONDITIONAL_CALL"
"010ed3b0","FUN_010ed3b0","0148a890","FUN_0148a890","UNCONDITIONAL_CALL"
"010ed3b0","FUN_010ed3b0","0148a890","FUN_0148a890","UNCONDITIONAL_CALL"
"010ed3b0","FUN_010ed3b0","0148a890","FUN_0148a890","UNCONDITIONAL_CALL"
"010ed3b0","FUN_010ed3b0","015aa730","FUN_015aa730","UNCONDITIONAL_CALL"
"010ed3b0","FUN_010ed3b0","015aa730","FUN_015aa730","UNCONDITIONAL_CALL"
"010ed3b0","FUN_010ed3b0","01692c40","FUN_01692c40","UNCONDITIONAL_CALL"
"010ed3b0","FUN_010ed3b0","01692d50","FUN_01692d50","UNCONDITIONAL_CALL"
"010ed3b0","FUN_010ed3b0","0169ab10","FUN_0169ab10","UNCONDITIONAL_CALL"
"010ed3b0","FUN_010ed3b0","0169b2f0","FUN_0169b2f0","UNCONDITIONAL_CALL"
"010ed3b0","FUN_010ed3b0","0169c4f0","FUN_0169c4f0","UNCONDITIONAL_CALL"
"010ed3b0","FUN_010ed3b0","0169c4f0","FUN_0169c4f0","UNCONDITIONAL_CALL"
"010ed3b0","FUN_010ed3b0","0169c4f0","FUN_0169c4f0","UNCONDITIONAL_CALL"
"010ed3b0","FUN_010ed3b0","0169c4f0","FUN_0169c4f0","UNCONDITIONAL_CALL"
"010ed3b0","FUN_010ed3b0","016a0910","FUN_016a0910","UNCONDITIONAL_CALL"
"010ed3b0","FUN_010ed3b0","016a0910","FUN_016a0910","UNCONDITIONAL_CALL"
"010ed3b0","FUN_010ed3b0","016a0910","FUN_016a0910","UNCONDITIONAL_CALL"
"010ed3b0","FUN_010ed3b0","016a0910","FUN_016a0910","UNCONDITIONAL_CALL"
"010edab0","FUN_010edab0","014484b0","FUN_014484b0","UNCONDITIONAL_CALL"
"01119160","FUN_01119160","00f19cc0","FUN_00f19cc0","UNCONDITIONAL_CALL"
"01119160","FUN_01119160","00f19cc0","FUN_00f19cc0","UNCONDITIONAL_CALL"
"01119160","FUN_01119160","00f19cc0","FUN_00f19cc0","UNCONDITIONAL_CALL"
"01119160","FUN_01119160","00f19cc0","FUN_00f19cc0","UNCONDITIONAL_CALL"
"01119160","FUN_01119160","00f1a040","FUN_00f1a040","UNCONDITIONAL_CALL"
"01119160","FUN_01119160","00f1a330","FUN_00f1a330","UNCONDITIONAL_CALL"
"01119160","FUN_01119160","00f1a330","FUN_00f1a330","UNCONDITIONAL_CALL"
"01119160","FUN_01119160","01119420","FUN_01119420","UNCONDITIONAL_CALL"
"01119160","FUN_01119160","01119420","FUN_01119420","UNCONDITIONAL_CALL"
"01119160","FUN_01119160","01119420","FUN_01119420","UNCONDITIONAL_CALL"
"01119160","FUN_01119160","01119930","FUN_01119930","UNCONDITIONAL_CALL"
"01119160","FUN_01119160","01226310","FUN_01226310","UNCONDITIONAL_CALL"
"01119160","FUN_01119160","01227420","FUN_01227420","UNCONDITIONAL_CALL"
"01119160","FUN_01119160","01246da0","FUN_01246da0","UNCONDITIONAL_CALL"
"01119160","FUN_01119160","015ce480","FUN_015ce480","UNCONDITIONAL_CALL"
"01119160","FUN_01119160","015ce480","FUN_015ce480","UNCONDITIONAL_CALL"
"01119160","FUN_01119160","015ce480","FUN_015ce480","UNCONDITIONAL_CALL"
"01119160","FUN_01119160","015ce480","FUN_015ce480","UNCONDITIONAL_CALL"
"01119590","FUN_01119590","00f19cc0","FUN_00f19cc0","UNCONDITIONAL_CALL"
"01119590","FUN_01119590","00f19cc0","FUN_00f19cc0","UNCONDITIONAL_CALL"
"01119590","FUN_01119590","00f19cc0","FUN_00f19cc0","UNCONDITIONAL_CALL"
"01119590","FUN_01119590","00f19cc0","FUN_00f19cc0","UNCONDITIONAL_CALL"
"01119590","FUN_01119590","00f1a330","FUN_00f1a330","UNCONDITIONAL_CALL"
"01119590","FUN_01119590","00f1a330","FUN_00f1a330","UNCONDITIONAL_CALL"
"01119590","FUN_01119590","00f1a330","FUN_00f1a330","UNCONDITIONAL_CALL"
"01119590","FUN_01119590","00f1a330","FUN_00f1a330","UNCONDITIONAL_CALL"
"01119590","FUN_01119590","00f1a330","FUN_00f1a330","UNCONDITIONAL_CALL"
"01119590","FUN_01119590","00f1a330","FUN_00f1a330","UNCONDITIONAL_CALL"
"01119590","FUN_01119590","00f1a330","FUN_00f1a330","UNCONDITIONAL_CALL"
"01119590","FUN_01119590","01232880","FUN_01232880","UNCONDITIONAL_CALL"
"01119590","FUN_01119590","0124a620","FUN_0124a620","UNCONDITIONAL_CALL"
"01119590","FUN_01119590","012543f0","FUN_012543f0","UNCONDITIONAL_CALL"
"01119590","FUN_01119590","015ce480","FUN_015ce480","UNCONDITIONAL_CALL"
"01119590","FUN_01119590","015ce480","FUN_015ce480","UNCONDITIONAL_CALL"
"01119590","FUN_01119590","015ce480","FUN_015ce480","UNCONDITIONAL_CALL"
"01119590","FUN_01119590","015ce480","FUN_015ce480","UNCONDITIONAL_CALL"
"01147380","FUN_01147380","01505ad0","FUN_01505ad0","UNCONDITIONAL_CALL"
"01147ae0","FUN_01147ae0","01147380","FUN_01147380","COMPUTED_CALL"
"011802d0","FUN_011802d0","01180930","FUN_01180930","UNCONDITIONAL_CALL"
"01180930","FUN_01180930","00f19cc0","FUN_00f19cc0","UNCONDITIONAL_CALL"
"01180930","FUN_01180930","00f1a200","FUN_00f1a200","UNCONDITIONAL_CALL"
"01180930","FUN_01180930","015ce480","FUN_015ce480","UNCONDITIONAL_CALL"
"011d2a20","FUN_011d2a20","011d4320","FUN_011d4320","UNCONDITIONAL_CALL"
"011d4320","FUN_011d4320","00f19cc0","FUN_00f19cc0","UNCONDITIONAL_CALL"
"011d4320","FUN_011d4320","00f19cc0","FUN_00f19cc0","UNCONDITIONAL_CALL"
"011d4320","FUN_011d4320","00f19f10","FUN_00f19f10","UNCONDITIONAL_CALL"
"011d4320","FUN_011d4320","00f19f10","FUN_00f19f10","UNCONDITIONAL_CALL"
"011d4320","FUN_011d4320","00f1a040","FUN_00f1a040","UNCONDITIONAL_CALL"
"011d4320","FUN_011d4320","00f1a040","FUN_00f1a040","UNCONDITIONAL_CALL"
"011d4320","FUN_011d4320","00f1a330","FUN_00f1a330","UNCONDITIONAL_CALL"
"011d4320","FUN_011d4320","00f1a330","FUN_00f1a330","UNCONDITIONAL_CALL"
"011d4320","FUN_011d4320","00f1a330","FUN_00f1a330","UNCONDITIONAL_CALL"
"011d4320","FUN_011d4320","00f1a330","FUN_00f1a330","UNCONDITIONAL_CALL"
"011d4320","FUN_011d4320","00f1a330","FUN_00f1a330","UNCONDITIONAL_CALL"
"011d4320","FUN_011d4320","00f1a420","FUN_00f1a420","UNCONDITIONAL_CALL"
"011d4320","FUN_011d4320","00f1a420","FUN_00f1a420","UNCONDITIONAL_CALL"
"011d4320","FUN_011d4320","00f1a420","FUN_00f1a420","UNCONDITIONAL_CALL"
"011d4320","FUN_011d4320","00f489b0","FUN_00f489b0","UNCONDITIONAL_CALL"
"011d4320","FUN_011d4320","01012bc0","FUN_01012bc0","UNCONDITIONAL_CALL"
"011d4320","FUN_011d4320","010baa10","FUN_010baa10","UNCONDITIONAL_CALL"
"011d4320","FUN_011d4320","012288c0","FUN_012288c0","UNCONDITIONAL_CALL"
"011d4320","FUN_011d4320","01228950","FUN_01228950","UNCONDITIONAL_CALL"
"011d4320","FUN_011d4320","01228bd0","FUN_01228bd0","UNCONDITIONAL_CALL"
"011d4320","FUN_011d4320","0122a090","FUN_0122a090","UNCONDITIONAL_CALL"
"011d4320","FUN_011d4320","0122a180","FUN_0122a180","UNCONDITIONAL_CALL"
"011d4320","FUN_011d4320","01230f40","FUN_01230f40","UNCONDITIONAL_CALL"
"011d4320","FUN_011d4320","01231410","FUN_01231410","UNCONDITIONAL_CALL"
"011d4320","FUN_011d4320","0123de10","FUN_0123de10","UNCONDITIONAL_CALL"
"011d4320","FUN_011d4320","0123de10","FUN_0123de10","UNCONDITIONAL_CALL"
"011d4320","FUN_011d4320","0123de10","FUN_0123de10","UNCONDITIONAL_CALL"
"011d4320","FUN_011d4320","0123e0d0","FUN_0123e0d0","UNCONDITIONAL_CALL"
"011d4320","FUN_011d4320","0123e330","FUN_0123e330","UNCONDITIONAL_CALL"
"011d4320","FUN_011d4320","0123e330","FUN_0123e330","UNCONDITIONAL_CALL"
"011d4320","FUN_011d4320","01246bb0","FUN_01246bb0","UNCONDITIONAL_CALL"
"011d4320","FUN_011d4320","01246bb0","FUN_01246bb0","UNCONDITIONAL_CALL"
"011d4320","FUN_011d4320","012472c0","FUN_012472c0","UNCONDITIONAL_CALL"
"011d4320","FUN_011d4320","012472c0","FUN_012472c0","UNCONDITIONAL_CALL"
"011d4320","FUN_011d4320","012472c0","FUN_012472c0","UNCONDITIONAL_CALL"
"011d4320","FUN_011d4320","0124ef30","FUN_0124ef30","UNCONDITIONAL_CALL"
"011d4320","FUN_011d4320","0124ef30","FUN_0124ef30","UNCONDITIONAL_CALL"
"011d4320","FUN_011d4320","0124f150","FUN_0124f150","UNCONDITIONAL_CALL"
"011d4320","FUN_011d4320","0124f150","FUN_0124f150","UNCONDITIONAL_CALL"
"011d4320","FUN_011d4320","01250310","FUN_01250310","UNCONDITIONAL_CALL"
"011d4320","FUN_011d4320","01500f80","FUN_01500f80","UNCONDITIONAL_CALL"
"011d4320","FUN_011d4320","015010a0","FUN_015010a0","UNCONDITIONAL_CALL"
"011d4320","FUN_011d4320","015010a0","FUN_015010a0","UNCONDITIONAL_CALL"
"011d4320","FUN_011d4320","015ce480","FUN_015ce480","UNCONDITIONAL_CALL"
"011d4320","FUN_011d4320","016830c0","FUN_016830c0","UNCONDITIONAL_CALL"
"011d4320","FUN_011d4320","016830c0","FUN_016830c0","UNCONDITIONAL_CALL"
"011d4320","FUN_011d4320","016830c0","FUN_016830c0","UNCONDITIONAL_CALL"
"011d4320","FUN_011d4320","016830c0","FUN_016830c0","UNCONDITIONAL_CALL"
"011d4320","FUN_011d4320","016830c0","FUN_016830c0","UNCONDITIONAL_CALL"
"011d4320","FUN_011d4320","016830c0","FUN_016830c0","UNCONDITIONAL_CALL"
"011dbca0","FUN_011dbca0","011dd050","FUN_011dd050","UNCONDITIONAL_CALL"
"011dd050","FUN_011dd050","00f19cc0","FUN_00f19cc0","UNCONDITIONAL_CALL"
"011dd050","FUN_011dd050","015ce480","FUN_015ce480","UNCONDITIONAL_CALL"
"011e3360","FUN_011e3360","00f19cc0","FUN_00f19cc0","UNCONDITIONAL_CALL"
"011e3360","FUN_011e3360","00f19cc0","FUN_00f19cc0","UNCONDITIONAL_CALL"
"011e3360","FUN_011e3360","00f19cc0","FUN_00f19cc0","UNCONDITIONAL_CALL"
"011e3360","FUN_011e3360","00f19cc0","FUN_00f19cc0","UNCONDITIONAL_CALL"
"011e3360","FUN_011e3360","00f19cc0","FUN_00f19cc0","UNCONDITIONAL_CALL"
"011e3360","FUN_011e3360","00f1a040","FUN_00f1a040","UNCONDITIONAL_CALL"
"011e3360","FUN_011e3360","00f1a040","FUN_00f1a040","UNCONDITIONAL_CALL"
"011e3360","FUN_011e3360","00f1a040","FUN_00f1a040","UNCONDITIONAL_CALL"
"011e3360","FUN_011e3360","00f1a200","FUN_00f1a200","UNCONDITIONAL_CALL"
"011e3360","FUN_011e3360","00f1a200","FUN_00f1a200","UNCONDITIONAL_CALL"
"011e3360","FUN_011e3360","00f1a330","FUN_00f1a330","UNCONDITIONAL_CALL"
"011e3360","FUN_011e3360","00f1a330","FUN_00f1a330","UNCONDITIONAL_CALL"
"011e3360","FUN_011e3360","00f1a330","FUN_00f1a330","UNCONDITIONAL_CALL"
"011e3360","FUN_011e3360","00f1a330","FUN_00f1a330","UNCONDITIONAL_CALL"
"011e3360","FUN_011e3360","00f1a330","FUN_00f1a330","UNCONDITIONAL_CALL"
"011e3360","FUN_011e3360","00f1a330","FUN_00f1a330","UNCONDITIONAL_CALL"
"011e3360","FUN_011e3360","00f1a330","FUN_00f1a330","UNCONDITIONAL_CALL"
"011e3360","FUN_011e3360","00f1a330","FUN_00f1a330","UNCONDITIONAL_CALL"
"011e3360","FUN_011e3360","00f1a330","FUN_00f1a330","UNCONDITIONAL_CALL"
"011e3360","FUN_011e3360","00f1a330","FUN_00f1a330","UNCONDITIONAL_CALL"
"011e3360","FUN_011e3360","00f1a330","FUN_00f1a330","UNCONDITIONAL_CALL"
"011e3360","FUN_011e3360","00f1a330","FUN_00f1a330","UNCONDITIONAL_CALL"
"011e3360","FUN_011e3360","00f1a330","FUN_00f1a330","UNCONDITIONAL_CALL"
"011e3360","FUN_011e3360","00f1a330","FUN_00f1a330","UNCONDITIONAL_CALL"
"011e3360","FUN_011e3360","00f1a330","FUN_00f1a330","UNCONDITIONAL_CALL"
"011e3360","FUN_011e3360","00f1a330","FUN_00f1a330","UNCONDITIONAL_CALL"
"011e3360","FUN_011e3360","00f1a420","FUN_00f1a420","UNCONDITIONAL_CALL"
"011e3360","FUN_011e3360","0114d430","FUN_0114d430","UNCONDITIONAL_CALL"
"011e3360","FUN_011e3360","011e44b0","FUN_011e44b0","UNCONDITIONAL_CALL"
"011e3360","FUN_011e3360","011e4700","FUN_011e4700","UNCONDITIONAL_CALL"
"011e3360","FUN_011e3360","011e4890","FUN_011e4890","UNCONDITIONAL_CALL"
"011e3360","FUN_011e3360","0123a800","FUN_0123a800","UNCONDITIONAL_CALL"
"011e3360","FUN_011e3360","0123d7c0","FUN_0123d7c0","UNCONDITIONAL_CALL"
"011e3360","FUN_011e3360","0123d9a0","FUN_0123d9a0","UNCONDITIONAL_CALL"
"011e3360","FUN_011e3360","0123de10","FUN_0123de10","UNCONDITIONAL_CALL"
"011e3360","FUN_011e3360","0123de10","FUN_0123de10","UNCONDITIONAL_CALL"
"011e3360","FUN_011e3360","0123e0d0","FUN_0123e0d0","UNCONDITIONAL_CALL"
"011e3360","FUN_011e3360","0123ff00","FUN_0123ff00","UNCONDITIONAL_CALL"
"011e3360","FUN_011e3360","012459a0","FUN_012459a0","UNCONDITIONAL_CALL"
"011e3360","FUN_011e3360","012461a0","FUN_012461a0","UNCONDITIONAL_CALL"
"011e3360","FUN_011e3360","01246720","FUN_01246720","UNCONDITIONAL_CALL"
"011e3360","FUN_011e3360","01246720","FUN_01246720","UNCONDITIONAL_CALL"
"011e3360","FUN_011e3360","01246720","FUN_01246720","UNCONDITIONAL_CALL"
"011e3360","FUN_011e3360","01246720","FUN_01246720","UNCONDITIONAL_CALL"
"011e3360","FUN_011e3360","012468c0","FUN_012468c0","UNCONDITIONAL_CALL"
"011e3360","FUN_011e3360","01246bb0","FUN_01246bb0","UNCONDITIONAL_CALL"
"011e3360","FUN_011e3360","01246bb0","FUN_01246bb0","UNCONDITIONAL_CALL"
"011e3360","FUN_011e3360","01246bb0","FUN_01246bb0","UNCONDITIONAL_CALL"
"011e3360","FUN_011e3360","01246bb0","FUN_01246bb0","UNCONDITIONAL_CALL"
"011e3360","FUN_011e3360","01246bb0","FUN_01246bb0","UNCONDITIONAL_CALL"
"011e3360","FUN_011e3360","01246bb0","FUN_01246bb0","UNCONDITIONAL_CALL"
"011e3360","FUN_011e3360","01246bb0","FUN_01246bb0","UNCONDITIONAL_CALL"
"011e3360","FUN_011e3360","012472c0","FUN_012472c0","UNCONDITIONAL_CALL"
"011e3360","FUN_011e3360","012472c0","FUN_012472c0","UNCONDITIONAL_CALL"
"011e3360","FUN_011e3360","0124d5e0","FUN_0124d5e0","UNCONDITIONAL_CALL"
"011e3360","FUN_011e3360","01250410","FUN_01250410","UNCONDITIONAL_CALL"
"011e3360","FUN_011e3360","01250410","FUN_01250410","UNCONDITIONAL_CALL"
"011e3360","FUN_011e3360","01250410","FUN_01250410","UNCONDITIONAL_CALL"
"011e3360","FUN_011e3360","01250410","FUN_01250410","UNCONDITIONAL_CALL"
"011e3360","FUN_011e3360","0145edf0","FUN_0145edf0","COMPUTED_CALL"
"011e3360","FUN_011e3360","01500f80","FUN_01500f80","UNCONDITIONAL_CALL"
"011e3360","FUN_011e3360","01500f80","FUN_01500f80","UNCONDITIONAL_CALL"
"011e3360","FUN_011e3360","015ce480","FUN_015ce480","UNCONDITIONAL_CALL"
"011e3360","FUN_011e3360","015ce480","FUN_015ce480","UNCONDITIONAL_CALL"
"011e3360","FUN_011e3360","015ce480","FUN_015ce480","UNCONDITIONAL_CALL"
"011e3360","FUN_011e3360","015ce480","FUN_015ce480","UNCONDITIONAL_CALL"
"011e3360","FUN_011e3360","015ce480","FUN_015ce480","UNCONDITIONAL_CALL"
"011e3360","FUN_011e3360","016830c0","FUN_016830c0","UNCONDITIONAL_CALL"
"011e3360","FUN_011e3360","016830c0","FUN_016830c0","UNCONDITIONAL_CALL"
"011e3360","FUN_011e3360","016830c0","FUN_016830c0","UNCONDITIONAL_CALL"
"011e3360","FUN_011e3360","016830c0","FUN_016830c0","UNCONDITIONAL_CALL"
"011e3360","FUN_011e3360","016830c0","FUN_016830c0","UNCONDITIONAL_CALL"
"011e3360","FUN_011e3360","016830c0","FUN_016830c0","UNCONDITIONAL_CALL"
"011e3360","FUN_011e3360","016830c0","FUN_016830c0","UNCONDITIONAL_CALL"
"011e9530","FUN_011e9530","011e3360","FUN_011e3360","COMPUTED_CALL"
"011ee3c0","FUN_011ee3c0","00f547c0","FUN_00f547c0","UNCONDITIONAL_CALL"
"011ee3c0","FUN_011ee3c0","00f54dc0","FUN_00f54dc0","UNCONDITIONAL_CALL"
"011ee3c0","FUN_011ee3c0","00f54e80","FUN_00f54e80","UNCONDITIONAL_CALL"
"011ee3c0","FUN_011ee3c0","00f5c050","FUN_00f5c050","UNCONDITIONAL_CALL"
"011ee3c0","FUN_011ee3c0","014414a0","FUN_014414a0","UNCONDITIONAL_CALL"
"011ee3c0","FUN_011ee3c0","0147ab50","FUN_0147ab50","UNCONDITIONAL_CALL"
"011ee3c0","FUN_011ee3c0","01487b70","FUN_01487b70","UNCONDITIONAL_CALL"
"011ee3c0","FUN_011ee3c0","01487b70","FUN_01487b70","UNCONDITIONAL_CALL"
"011ee3c0","FUN_011ee3c0","01487b70","FUN_01487b70","UNCONDITIONAL_CALL"
"011ee3c0","FUN_011ee3c0","01489f70","FUN_01489f70","UNCONDITIONAL_CALL"
"011ee3c0","FUN_011ee3c0","01489f70","FUN_01489f70","UNCONDITIONAL_CALL"
"011ee3c0","FUN_011ee3c0","01489f70","FUN_01489f70","UNCONDITIONAL_CALL"
"011ee3c0","FUN_011ee3c0","0148a890","FUN_0148a890","UNCONDITIONAL_CALL"
"011ee3c0","FUN_011ee3c0","0148a890","FUN_0148a890","UNCONDITIONAL_CALL"
"011ee3c0","FUN_011ee3c0","015aa730","FUN_015aa730","UNCONDITIONAL_CALL"
"011ee3c0","FUN_011ee3c0","015aa730","FUN_015aa730","UNCONDITIONAL_CALL"
"011ee3c0","FUN_011ee3c0","015b6ef0","FUN_015b6ef0","UNCONDITIONAL_CALL"
"011ee3c0","FUN_011ee3c0","015b8020","FUN_015b8020","UNCONDITIONAL_CALL"
"011ee3c0","FUN_011ee3c0","01692c40","FUN_01692c40","UNCONDITIONAL_CALL"
"011ee3c0","FUN_011ee3c0","01692c40","FUN_01692c40","UNCONDITIONAL_CALL"
"011ee3c0","FUN_011ee3c0","01692d50","FUN_01692d50","UNCONDITIONAL_CALL"
"011ee3c0","FUN_011ee3c0","0169ab10","FUN_0169ab10","UNCONDITIONAL_CALL"
"011ee3c0","FUN_011ee3c0","0169b2f0","FUN_0169b2f0","UNCONDITIONAL_CALL"
"011ee3c0","FUN_011ee3c0","0169c4f0","FUN_0169c4f0","UNCONDITIONAL_CALL"
"011ee3c0","FUN_011ee3c0","0169c4f0","FUN_0169c4f0","UNCONDITIONAL_CALL"
"011ee3c0","FUN_011ee3c0","0169c4f0","FUN_0169c4f0","UNCONDITIONAL_CALL"
"011ee3c0","FUN_011ee3c0","016a0910","FUN_016a0910","UNCONDITIONAL_CALL"
"011ee3c0","FUN_011ee3c0","016a0910","FUN_016a0910","UNCONDITIONAL_CALL"
"011ee3c0","FUN_011ee3c0","016a0910","FUN_016a0910","UNCONDITIONAL_CALL"
"011ee3c0","FUN_011ee3c0","016aa9d0","FUN_016aa9d0","UNCONDITIONAL_CALL"
"011eea50","FUN_011eea50","014484b0","FUN_014484b0","UNCONDITIONAL_CALL"
"011f0c90","FUN_011f0c90","011f0d50","FUN_011f0d50","UNCONDITIONAL_CALL"
"011f0d50","FUN_011f0d50","00f19cc0","FUN_00f19cc0","UNCONDITIONAL_CALL"
"011f0d50","FUN_011f0d50","00f19cc0","FUN_00f19cc0","UNCONDITIONAL_CALL"
"011f0d50","FUN_011f0d50","00f19cc0","FUN_00f19cc0","UNCONDITIONAL_CALL"
"011f0d50","FUN_011f0d50","00f19cc0","FUN_00f19cc0","UNCONDITIONAL_CALL"
"011f0d50","FUN_011f0d50","00f19cc0","FUN_00f19cc0","UNCONDITIONAL_CALL"
"011f0d50","FUN_011f0d50","00f1a040","FUN_00f1a040","UNCONDITIONAL_CALL"
"011f0d50","FUN_011f0d50","00f1a040","FUN_00f1a040","UNCONDITIONAL_CALL"
"011f0d50","FUN_011f0d50","00f1a040","FUN_00f1a040","UNCONDITIONAL_CALL"
"011f0d50","FUN_011f0d50","00f1a040","FUN_00f1a040","UNCONDITIONAL_CALL"
"011f0d50","FUN_011f0d50","00f1a040","FUN_00f1a040","UNCONDITIONAL_CALL"
"011f0d50","FUN_011f0d50","00f1a330","FUN_00f1a330","UNCONDITIONAL_CALL"
"011f0d50","FUN_011f0d50","00f1a330","FUN_00f1a330","UNCONDITIONAL_CALL"
"011f0d50","FUN_011f0d50","00f1a330","FUN_00f1a330","UNCONDITIONAL_CALL"
"011f0d50","FUN_011f0d50","00f1a330","FUN_00f1a330","UNCONDITIONAL_CALL"
"011f0d50","FUN_011f0d50","00f1a420","FUN_00f1a420","UNCONDITIONAL_CALL"
"011f0d50","FUN_011f0d50","00f1a420","FUN_00f1a420","UNCONDITIONAL_CALL"
"011f0d50","FUN_011f0d50","01246800","FUN_01246800","UNCONDITIONAL_CALL"
"011f0d50","FUN_011f0d50","01246800","FUN_01246800","UNCONDITIONAL_CALL"
"011f0d50","FUN_011f0d50","01246bb0","FUN_01246bb0","UNCONDITIONAL_CALL"
"011f0d50","FUN_011f0d50","01246bb0","FUN_01246bb0","UNCONDITIONAL_CALL"
"011f0d50","FUN_011f0d50","01246bb0","FUN_01246bb0","UNCONDITIONAL_CALL"
"011f0d50","FUN_011f0d50","01246bb0","FUN_01246bb0","UNCONDITIONAL_CALL"
"011f0d50","FUN_011f0d50","01246bb0","FUN_01246bb0","UNCONDITIONAL_CALL"
"011f0d50","FUN_011f0d50","015ce480","FUN_015ce480","UNCONDITIONAL_CALL"
"011f0d50","FUN_011f0d50","015ce480","FUN_015ce480","UNCONDITIONAL_CALL"
"011f0d50","FUN_011f0d50","015ce480","FUN_015ce480","UNCONDITIONAL_CALL"
"011f51b0","FUN_011f51b0","011f6890","FUN_011f6890","UNCONDITIONAL_CALL"
"011f6890","FUN_011f6890","00f19cc0","FUN_00f19cc0","UNCONDITIONAL_CALL"
"011f6890","FUN_011f6890","00f19cc0","FUN_00f19cc0","UNCONDITIONAL_CALL"
"011f6890","FUN_011f6890","00f1a040","FUN_00f1a040","UNCONDITIONAL_CALL"
"011f6890","FUN_011f6890","00f1a040","FUN_00f1a040","UNCONDITIONAL_CALL"
"011f6890","FUN_011f6890","00f1a330","FUN_00f1a330","UNCONDITIONAL_CALL"
"011f6890","FUN_011f6890","00f1a330","FUN_00f1a330","UNCONDITIONAL_CALL"
"011f6890","FUN_011f6890","00f1a330","FUN_00f1a330","UNCONDITIONAL_CALL"
"011f6890","FUN_011f6890","00f1a330","FUN_00f1a330","UNCONDITIONAL_CALL"
"011f6890","FUN_011f6890","011f9450","FUN_011f9450","UNCONDITIONAL_CALL"
"011f6890","FUN_011f6890","011f9450","FUN_011f9450","UNCONDITIONAL_CALL"
"011f6890","FUN_011f6890","01223cb0","FUN_01223cb0","UNCONDITIONAL_CALL"
"011f6890","FUN_011f6890","01223cb0","FUN_01223cb0","UNCONDITIONAL_CALL"
"011f6890","FUN_011f6890","01224f40","FUN_01224f40","UNCONDITIONAL_CALL"
"011f6890","FUN_011f6890","01224f40","FUN_01224f40","UNCONDITIONAL_CALL"
"011f6890","FUN_011f6890","012462c0","FUN_012462c0","UNCONDITIONAL_CALL"
"011f6890","FUN_011f6890","012462c0","FUN_012462c0","UNCONDITIONAL_CALL"
"011f6890","FUN_011f6890","015ce480","FUN_015ce480","UNCONDITIONAL_CALL"
"011f6890","FUN_011f6890","015ce480","FUN_015ce480","UNCONDITIONAL_CALL"
"01283910","FUN_01283910","00f19f10","FUN_00f19f10","UNCONDITIONAL_CALL"
"01283910","FUN_01283910","00f19f10","FUN_00f19f10","UNCONDITIONAL_CALL"
"01283910","FUN_01283910","00f19f10","FUN_00f19f10","UNCONDITIONAL_CALL"
"01283910","FUN_01283910","00f19f10","FUN_00f19f10","UNCONDITIONAL_CALL"
"01283910","FUN_01283910","00f19f10","FUN_00f19f10","UNCONDITIONAL_CALL"
"01283910","FUN_01283910","00f19f10","FUN_00f19f10","UNCONDITIONAL_CALL"
"01283910","FUN_01283910","00f19f10","FUN_00f19f10","UNCONDITIONAL_CALL"
"01283910","FUN_01283910","00f19f10","FUN_00f19f10","UNCONDITIONAL_CALL"
"01283910","FUN_01283910","00f19f10","FUN_00f19f10","UNCONDITIONAL_CALL"
"01283910","FUN_01283910","00f19f10","FUN_00f19f10","UNCONDITIONAL_CALL"
"01283910","FUN_01283910","00f19f10","FUN_00f19f10","UNCONDITIONAL_CALL"
"01283910","FUN_01283910","00f19f10","FUN_00f19f10","UNCONDITIONAL_CALL"
"01283910","FUN_01283910","00f19f10","FUN_00f19f10","UNCONDITIONAL_CALL"
"01283910","FUN_01283910","00f19f10","FUN_00f19f10","UNCONDITIONAL_CALL"
"01283910","FUN_01283910","00f19f10","FUN_00f19f10","UNCONDITIONAL_CALL"
"01283910","FUN_01283910","00f19f10","FUN_00f19f10","UNCONDITIONAL_CALL"
"01283910","FUN_01283910","00f19f10","FUN_00f19f10","UNCONDITIONAL_CALL"
"01283910","FUN_01283910","00f19f10","FUN_00f19f10","UNCONDITIONAL_CALL"
"01283910","FUN_01283910","00f19f10","FUN_00f19f10","UNCONDITIONAL_CALL"
"01283910","FUN_01283910","00f19f10","FUN_00f19f10","UNCONDITIONAL_CALL"
"01283910","FUN_01283910","00f19f10","FUN_00f19f10","UNCONDITIONAL_CALL"
"01283910","FUN_01283910","00f19f10","FUN_00f19f10","UNCONDITIONAL_CALL"
"01283910","FUN_01283910","00f19f10","FUN_00f19f10","UNCONDITIONAL_CALL"
"01283910","FUN_01283910","00f19f10","FUN_00f19f10","UNCONDITIONAL_CALL"
"01283910","FUN_01283910","00f19f10","FUN_00f19f10","UNCONDITIONAL_CALL"
"01283910","FUN_01283910","00f19f10","FUN_00f19f10","UNCONDITIONAL_CALL"
"01283910","FUN_01283910","00f19f10","FUN_00f19f10","UNCONDITIONAL_CALL"
"01283910","FUN_01283910","00f19f10","FUN_00f19f10","UNCONDITIONAL_CALL"
"01283910","FUN_01283910","00f19f10","FUN_00f19f10","UNCONDITIONAL_CALL"
"01283910","FUN_01283910","00f19f10","FUN_00f19f10","UNCONDITIONAL_CALL"
"01283910","FUN_01283910","00f19f10","FUN_00f19f10","UNCONDITIONAL_CALL"
"01283910","FUN_01283910","00f19f10","FUN_00f19f10","UNCONDITIONAL_CALL"
"01283910","FUN_01283910","00f19f10","FUN_00f19f10","UNCONDITIONAL_CALL"
"01283910","FUN_01283910","00f19f10","FUN_00f19f10","UNCONDITIONAL_CALL"
"01283910","FUN_01283910","00f19f10","FUN_00f19f10","UNCONDITIONAL_CALL"
"01283910","FUN_01283910","00f19f10","FUN_00f19f10","UNCONDITIONAL_CALL"
"01283910","FUN_01283910","00f19f10","FUN_00f19f10","UNCONDITIONAL_CALL"
"01283910","FUN_01283910","00f19f10","FUN_00f19f10","UNCONDITIONAL_CALL"
"01283910","FUN_01283910","00f19f10","FUN_00f19f10","UNCONDITIONAL_CALL"
"01283910","FUN_01283910","00f1d720","FUN_00f1d720","UNCONDITIONAL_CALL"
"01283910","FUN_01283910","00f505a0","FUN_00f505a0","COMPUTED_CALL"
"01283910","FUN_01283910","00f5d420","FUN_00f5d420","UNCONDITIONAL_CALL"
"01283910","FUN_01283910","010b92b0","FUN_010b92b0","UNCONDITIONAL_CALL"
"01283910","FUN_01283910","010b92b0","FUN_010b92b0","COMPUTED_CALL"
"01283910","FUN_01283910","010b92b0","FUN_010b92b0","UNCONDITIONAL_CALL"
"01283910","FUN_01283910","010b92b0","FUN_010b92b0","UNCONDITIONAL_CALL"
"01283910","FUN_01283910","010baa10","FUN_010baa10","UNCONDITIONAL_CALL"
"01283910","FUN_01283910","010baa10","FUN_010baa10","UNCONDITIONAL_CALL"
"01283910","FUN_01283910","010baa10","FUN_010baa10","UNCONDITIONAL_CALL"
"01283910","FUN_01283910","010bab40","FUN_010bab40","COMPUTED_CALL"
"01283910","FUN_01283910","010bab40","FUN_010bab40","UNCONDITIONAL_CALL"
"01283910","FUN_01283910","010bba60","FUN_010bba60","COMPUTED_CALL"
"01283910","FUN_01283910","010bba60","FUN_010bba60","UNCONDITIONAL_CALL"
"01283910","FUN_01283910","010bcba0","FUN_010bcba0","COMPUTED_CALL"
"01283910","FUN_01283910","010bcba0","FUN_010bcba0","UNCONDITIONAL_CALL"
"01283910","FUN_01283910","010c0da0","FUN_010c0da0","COMPUTED_CALL"
"01283910","FUN_01283910","010c0da0","FUN_010c0da0","UNCONDITIONAL_CALL"
"01283910","FUN_01283910","010df9e0","FUN_010df9e0","COMPUTED_CALL"
"01283910","FUN_01283910","010df9e0","FUN_010df9e0","UNCONDITIONAL_CALL"
"01283910","FUN_01283910","010f49d0","FUN_010f49d0","COMPUTED_CALL"
"01283910","FUN_01283910","010f49d0","FUN_010f49d0","UNCONDITIONAL_CALL"
"01283910","FUN_01283910","010fa620","FUN_010fa620","UNCONDITIONAL_CALL"
"01283910","FUN_01283910","010fa620","FUN_010fa620","UNCONDITIONAL_CALL"
"01283910","FUN_01283910","01123530","FUN_01123530","UNCONDITIONAL_CALL"
"01283910","FUN_01283910","0114a210","FUN_0114a210","COMPUTED_CALL"
"01283910","FUN_01283910","0114a210","FUN_0114a210","UNCONDITIONAL_CALL"
"01283910","FUN_01283910","012614e0","FUN_012614e0","COMPUTED_CALL"
"01283910","FUN_01283910","012614e0","FUN_012614e0","UNCONDITIONAL_CALL"
"01283910","FUN_01283910","01264d60","FUN_01264d60","UNCONDITIONAL_CALL"
"01283910","FUN_01283910","01264d60","FUN_01264d60","COMPUTED_CALL"
"01283910","FUN_01283910","01287ce0","FUN_01287ce0","UNCONDITIONAL_CALL"
"01283910","FUN_01283910","01287ce0","FUN_01287ce0","UNCONDITIONAL_CALL"
"01283910","FUN_01283910","01287ce0","FUN_01287ce0","UNCONDITIONAL_CALL"
"01283910","FUN_01283910","01287ce0","FUN_01287ce0","UNCONDITIONAL_CALL"
"01283910","FUN_01283910","01287ce0","FUN_01287ce0","UNCONDITIONAL_CALL"
"01283910","FUN_01283910","01287ce0","FUN_01287ce0","UNCONDITIONAL_CALL"
"01283910","FUN_01283910","01287ce0","FUN_01287ce0","UNCONDITIONAL_CALL"
"01283910","FUN_01283910","01287ce0","FUN_01287ce0","UNCONDITIONAL_CALL"
"01283910","FUN_01283910","01287ce0","FUN_01287ce0","UNCONDITIONAL_CALL"
"01283910","FUN_01283910","01287ce0","FUN_01287ce0","UNCONDITIONAL_CALL"
"01283910","FUN_01283910","01287ce0","FUN_01287ce0","UNCONDITIONAL_CALL"
"01283910","FUN_01283910","01287ce0","FUN_01287ce0","UNCONDITIONAL_CALL"
"01283910","FUN_01283910","01287ce0","FUN_01287ce0","UNCONDITIONAL_CALL"
"01283910","FUN_01283910","01287ce0","FUN_01287ce0","UNCONDITIONAL_CALL"
"01283910","FUN_01283910","01287ce0","FUN_01287ce0","UNCONDITIONAL_CALL"
"01283910","FUN_01283910","01287ce0","FUN_01287ce0","UNCONDITIONAL_CALL"
"01283910","FUN_01283910","01287ce0","FUN_01287ce0","UNCONDITIONAL_CALL"
"01283910","FUN_01283910","01287ce0","FUN_01287ce0","UNCONDITIONAL_CALL"
"01283910","FUN_01283910","01287ce0","FUN_01287ce0","UNCONDITIONAL_CALL"
"01283910","FUN_01283910","01287ce0","FUN_01287ce0","UNCONDITIONAL_CALL"
"01283910","FUN_01283910","01287ce0","FUN_01287ce0","UNCONDITIONAL_CALL"
"01283910","FUN_01283910","01287ce0","FUN_01287ce0","UNCONDITIONAL_CALL"
"01283910","FUN_01283910","01287ce0","FUN_01287ce0","UNCONDITIONAL_CALL"
"01283910","FUN_01283910","01287ce0","FUN_01287ce0","UNCONDITIONAL_CALL"
"01283910","FUN_01283910","01287ce0","FUN_01287ce0","UNCONDITIONAL_CALL"
"01283910","FUN_01283910","01287ce0","FUN_01287ce0","UNCONDITIONAL_CALL"
"01283910","FUN_01283910","01287ce0","FUN_01287ce0","UNCONDITIONAL_CALL"
"01283910","FUN_01283910","01287ce0","FUN_01287ce0","UNCONDITIONAL_CALL"
"01283910","FUN_01283910","01287ce0","FUN_01287ce0","UNCONDITIONAL_CALL"
"01283910","FUN_01283910","01287ce0","FUN_01287ce0","UNCONDITIONAL_CALL"
"01283910","FUN_01283910","01287ce0","FUN_01287ce0","UNCONDITIONAL_CALL"
"01283910","FUN_01283910","01287ce0","FUN_01287ce0","UNCONDITIONAL_CALL"
"01283910","FUN_01283910","01287ce0","FUN_01287ce0","UNCONDITIONAL_CALL"
"01283910","FUN_01283910","01287ce0","FUN_01287ce0","UNCONDITIONAL_CALL"
"01283910","FUN_01283910","01287ce0","FUN_01287ce0","UNCONDITIONAL_CALL"
"01283910","FUN_01283910","01287ce0","FUN_01287ce0","UNCONDITIONAL_CALL"
"01283910","FUN_01283910","01287ce0","FUN_01287ce0","UNCONDITIONAL_CALL"
"01283910","FUN_01283910","01287ce0","FUN_01287ce0","UNCONDITIONAL_CALL"
"01283910","FUN_01283910","01287ce0","FUN_01287ce0","UNCONDITIONAL_CALL"
"01283910","FUN_01283910","01287ce0","FUN_01287ce0","UNCONDITIONAL_CALL"
"01283910","FUN_01283910","01287ce0","FUN_01287ce0","UNCONDITIONAL_CALL"
"01283910","FUN_01283910","01287ce0","FUN_01287ce0","UNCONDITIONAL_CALL"
"01283910","FUN_01283910","01287ce0","FUN_01287ce0","UNCONDITIONAL_CALL"
"01283910","FUN_01283910","01287ce0","FUN_01287ce0","UNCONDITIONAL_CALL"
"01283910","FUN_01283910","01288050","FUN_01288050","UNCONDITIONAL_CALL"
"01283910","FUN_01283910","012882d0","FUN_012882d0","UNCONDITIONAL_CALL"
"01283910","FUN_01283910","01288570","FUN_01288570","UNCONDITIONAL_CALL"
"01283910","FUN_01283910","012887d0","FUN_012887d0","UNCONDITIONAL_CALL"
"01283910","FUN_01283910","01288930","FUN_01288930","UNCONDITIONAL_CALL"
"01283910","FUN_01283910","012889f0","FUN_012889f0","UNCONDITIONAL_CALL"
"01283910","FUN_01283910","01288ab0","FUN_01288ab0","UNCONDITIONAL_CALL"
"01283910","FUN_01283910","01288bb0","FUN_01288bb0","UNCONDITIONAL_CALL"
"01283910","FUN_01283910","01288d00","FUN_01288d00","UNCONDITIONAL_CALL"
"01283910","FUN_01283910","01288ef0","FUN_01288ef0","UNCONDITIONAL_CALL"
"01283910","FUN_01283910","012890e0","FUN_012890e0","UNCONDITIONAL_CALL"
"01283910","FUN_01283910","012891c0","FUN_012891c0","UNCONDITIONAL_CALL"
"01283910","FUN_01283910","012892a0","FUN_012892a0","UNCONDITIONAL_CALL"
"01283910","FUN_01283910","012893b0","FUN_012893b0","UNCONDITIONAL_CALL"
"01283910","FUN_01283910","012894f0","FUN_012894f0","UNCONDITIONAL_CALL"
"01283910","FUN_01283910","012895f0","FUN_012895f0","UNCONDITIONAL_CALL"
"01283910","FUN_01283910","01289780","FUN_01289780","UNCONDITIONAL_CALL"
"01283910","FUN_01283910","012899a0","FUN_012899a0","UNCONDITIONAL_CALL"
"01283910","FUN_01283910","01289ac0","FUN_01289ac0","UNCONDITIONAL_CALL"
"01283910","FUN_01283910","01289be0","FUN_01289be0","UNCONDITIONAL_CALL"
"01283910","FUN_01283910","01289de0","FUN_01289de0","UNCONDITIONAL_CALL"
"01283910","FUN_01283910","01289ef0","FUN_01289ef0","UNCONDITIONAL_CALL"
"01283910","FUN_01283910","0128a000","FUN_0128a000","UNCONDITIONAL_CALL"
"01283910","FUN_01283910","0128a220","FUN_0128a220","UNCONDITIONAL_CALL"
"01283910","FUN_01283910","0128a370","FUN_0128a370","UNCONDITIONAL_CALL"
"01283910","FUN_01283910","0128a4a0","FUN_0128a4a0","UNCONDITIONAL_CALL"
"01283910","FUN_01283910","0128a710","FUN_0128a710","UNCONDITIONAL_CALL"
"01283910","FUN_01283910","0128a830","FUN_0128a830","UNCONDITIONAL_CALL"
"01283910","FUN_01283910","0128a900","FUN_0128a900","UNCONDITIONAL_CALL"
"01283910","FUN_01283910","0128aa10","FUN_0128aa10","UNCONDITIONAL_CALL"
"01283910","FUN_01283910","0128ab40","FUN_0128ab40","UNCONDITIONAL_CALL"
"01283910","FUN_01283910","0128ac10","FUN_0128ac10","UNCONDITIONAL_CALL"
"01283910","FUN_01283910","0128ad50","FUN_0128ad50","UNCONDITIONAL_CALL"
"01283910","FUN_01283910","0128ae90","FUN_0128ae90","UNCONDITIONAL_CALL"
"01283910","FUN_01283910","0128af80","FUN_0128af80","UNCONDITIONAL_CALL"
"01283910","FUN_01283910","0128b0c0","FUN_0128b0c0","UNCONDITIONAL_CALL"
"01283910","FUN_01283910","0128b1b0","FUN_0128b1b0","UNCONDITIONAL_CALL"
"01283910","FUN_01283910","0128b2d0","FUN_0128b2d0","UNCONDITIONAL_CALL"
"01283910","FUN_01283910","0128b3e0","FUN_0128b3e0","UNCONDITIONAL_CALL"
"01283910","FUN_01283910","0128b4c0","FUN_0128b4c0","UNCONDITIONAL_CALL"
"01283910","FUN_01283910","0128b5c0","FUN_0128b5c0","UNCONDITIONAL_CALL"
"01283910","FUN_01283910","0128b6c0","FUN_0128b6c0","UNCONDITIONAL_CALL"
"01283910","FUN_01283910","0128b7b0","FUN_0128b7b0","UNCONDITIONAL_CALL"
"01283910","FUN_01283910","0128b8a0","FUN_0128b8a0","UNCONDITIONAL_CALL"
"01283910","FUN_01283910","0128b980","FUN_0128b980","UNCONDITIONAL_CALL"
"01283910","FUN_01283910","0128bab0","FUN_0128bab0","UNCONDITIONAL_CALL"
"01283910","FUN_01283910","0128bbd0","FUN_0128bbd0","UNCONDITIONAL_CALL"
"01283910","FUN_01283910","0128bcc0","FUN_0128bcc0","UNCONDITIONAL_CALL"
"01283910","FUN_01283910","0128bd60","FUN_0128bd60","UNCONDITIONAL_CALL"
"01283910","FUN_01283910","0128bfa0","FUN_0128bfa0","UNCONDITIONAL_CALL"
"01283910","FUN_01283910","0128c0e0","FUN_0128c0e0","UNCONDITIONAL_CALL"
"01283910","FUN_01283910","0128c260","FUN_0128c260","UNCONDITIONAL_CALL"
"01283910","FUN_01283910","0128c370","FUN_0128c370","UNCONDITIONAL_CALL"
"01283910","FUN_01283910","0128c490","FUN_0128c490","UNCONDITIONAL_CALL"
"01283910","FUN_01283910","0128c5d0","FUN_0128c5d0","UNCONDITIONAL_CALL"
"01283910","FUN_01283910","0128c7f0","FUN_0128c7f0","UNCONDITIONAL_CALL"
"01283910","FUN_01283910","0128c990","FUN_0128c990","UNCONDITIONAL_CALL"
"01283910","FUN_01283910","0128caf0","FUN_0128caf0","UNCONDITIONAL_CALL"
"01283910","FUN_01283910","0128cbd0","FUN_0128cbd0","UNCONDITIONAL_CALL"
"01283910","FUN_01283910","0128ccb0","FUN_0128ccb0","UNCONDITIONAL_CALL"
"01283910","FUN_01283910","0128cd60","FUN_0128cd60","UNCONDITIONAL_CALL"
"01283910","FUN_01283910","0128ced0","FUN_0128ced0","UNCONDITIONAL_CALL"
"01283910","FUN_01283910","0128cfd0","FUN_0128cfd0","UNCONDITIONAL_CALL"
"01283910","FUN_01283910","0128d0d0","FUN_0128d0d0","UNCONDITIONAL_CALL"
"01283910","FUN_01283910","0128d1f0","FUN_0128d1f0","UNCONDITIONAL_CALL"
"01283910","FUN_01283910","0128d2d0","FUN_0128d2d0","UNCONDITIONAL_CALL"
"01283910","FUN_01283910","0128d3d0","FUN_0128d3d0","UNCONDITIONAL_CALL"
"01283910","FUN_01283910","0128d4e0","FUN_0128d4e0","UNCONDITIONAL_CALL"
"01283910","FUN_01283910","0128d5c0","FUN_0128d5c0","UNCONDITIONAL_CALL"
"01283910","FUN_01283910","0128d710","FUN_0128d710","UNCONDITIONAL_CALL"
"01283910","FUN_01283910","0128d890","FUN_0128d890","UNCONDITIONAL_CALL"
"01283910","FUN_01283910","0128da20","FUN_0128da20","UNCONDITIONAL_CALL"
"01283910","FUN_01283910","0128db50","FUN_0128db50","UNCONDITIONAL_CALL"
"01283910","FUN_01283910","0128dc90","FUN_0128dc90","UNCONDITIONAL_CALL"
"01283910","FUN_01283910","0128dd80","FUN_0128dd80","UNCONDITIONAL_CALL"
"01283910","FUN_01283910","0128dec0","FUN_0128dec0","UNCONDITIONAL_CALL"
"01283910","FUN_01283910","0128e000","FUN_0128e000","UNCONDITIONAL_CALL"
"01283910","FUN_01283910","0128e150","FUN_0128e150","UNCONDITIONAL_CALL"
"01283910","FUN_01283910","0128e280","FUN_0128e280","UNCONDITIONAL_CALL"
"01283910","FUN_01283910","0128e370","FUN_0128e370","UNCONDITIONAL_CALL"
"01283910","FUN_01283910","0128e470","FUN_0128e470","UNCONDITIONAL_CALL"
"01283910","FUN_01283910","0128e580","FUN_0128e580","UNCONDITIONAL_CALL"
"01283910","FUN_01283910","0128e670","FUN_0128e670","UNCONDITIONAL_CALL"
"01283910","FUN_01283910","0128e760","FUN_0128e760","UNCONDITIONAL_CALL"
"01283910","FUN_01283910","0128e870","FUN_0128e870","UNCONDITIONAL_CALL"
"01283910","FUN_01283910","0128e950","FUN_0128e950","UNCONDITIONAL_CALL"
"01283910","FUN_01283910","0128ea50","FUN_0128ea50","UNCONDITIONAL_CALL"
"01283910","FUN_01283910","0128eb50","FUN_0128eb50","UNCONDITIONAL_CALL"
"01283910","FUN_01283910","0128ed20","FUN_0128ed20","UNCONDITIONAL_CALL"
"01283910","FUN_01283910","0128ee70","FUN_0128ee70","UNCONDITIONAL_CALL"
"01283910","FUN_01283910","0128ef50","FUN_0128ef50","UNCONDITIONAL_CALL"
"01283910","FUN_01283910","0128f070","FUN_0128f070","UNCONDITIONAL_CALL"
"01283910","FUN_01283910","0128f1b0","FUN_0128f1b0","UNCONDITIONAL_CALL"
"01283910","FUN_01283910","0128f2f0","FUN_0128f2f0","UNCONDITIONAL_CALL"
"01283910","FUN_01283910","0128f3d0","FUN_0128f3d0","UNCONDITIONAL_CALL"
"01283910","FUN_01283910","0128f590","FUN_0128f590","UNCONDITIONAL_CALL"
"01283910","FUN_01283910","0128f6f0","FUN_0128f6f0","UNCONDITIONAL_CALL"
"01283910","FUN_01283910","0128f820","FUN_0128f820","UNCONDITIONAL_CALL"
"01283910","FUN_01283910","0128f980","FUN_0128f980","UNCONDITIONAL_CALL"
"01283910","FUN_01283910","0128fad0","FUN_0128fad0","UNCONDITIONAL_CALL"
"01283910","FUN_01283910","0128fcd0","FUN_0128fcd0","UNCONDITIONAL_CALL"
"01283910","FUN_01283910","0128fe40","FUN_0128fe40","UNCONDITIONAL_CALL"
"01283910","FUN_01283910","0128ffd0","FUN_0128ffd0","UNCONDITIONAL_CALL"
"01283910","FUN_01283910","01290160","FUN_01290160","UNCONDITIONAL_CALL"
"01283910","FUN_01283910","012902a0","FUN_012902a0","UNCONDITIONAL_CALL"
"01283910","FUN_01283910","01290490","FUN_01290490","UNCONDITIONAL_CALL"
"01283910","FUN_01283910","01290620","FUN_01290620","UNCONDITIONAL_CALL"
"01283910","FUN_01283910","012907b0","FUN_012907b0","UNCONDITIONAL_CALL"
"01283910","FUN_01283910","01290a20","FUN_01290a20","UNCONDITIONAL_CALL"
"01283910","FUN_01283910","0129b3c0","FUN_0129b3c0","UNCONDITIONAL_CALL"
"01283910","FUN_01283910","0129b3c0","FUN_0129b3c0","COMPUTED_CALL"
"01283910","FUN_01283910","012ba410","FUN_012ba410","COMPUTED_CALL"
"01283910","FUN_01283910","012ba410","FUN_012ba410","UNCONDITIONAL_CALL"
"01283910","FUN_01283910","012eb5e0","FUN_012eb5e0","COMPUTED_CALL"
"01283910","FUN_01283910","012eb5e0","FUN_012eb5e0","UNCONDITIONAL_CALL"
"01283910","FUN_01283910","012ecab0","FUN_012ecab0","UNCONDITIONAL_CALL"
"01283910","FUN_01283910","012f5dd0","FUN_012f5dd0","UNCONDITIONAL_CALL"
"01283910","FUN_01283910","012f5dd0","FUN_012f5dd0","COMPUTED_CALL"
"01283910","FUN_01283910","012f70e0","FUN_012f70e0","COMPUTED_CALL"
"01283910","FUN_01283910","012f70e0","FUN_012f70e0","UNCONDITIONAL_CALL"
"01283910","FUN_01283910","012fc960","FUN_012fc960","UNCONDITIONAL_CALL"
"01283910","FUN_01283910","01304130","FUN_01304130","UNCONDITIONAL_CALL"
"01283910","FUN_01283910","01304130","FUN_01304130","UNCONDITIONAL_CALL"
"01283910","FUN_01283910","01304130","FUN_01304130","UNCONDITIONAL_CALL"
"01283910","FUN_01283910","01304130","FUN_01304130","UNCONDITIONAL_CALL"
"01283910","FUN_01283910","01304130","FUN_01304130","UNCONDITIONAL_CALL"
"01283910","FUN_01283910","01314760","FUN_01314760","COMPUTED_CALL"
"01283910","FUN_01283910","01314760","FUN_01314760","UNCONDITIONAL_CALL"
"01283910","FUN_01283910","01317d30","FUN_01317d30","UNCONDITIONAL_CALL"
"01283910","FUN_01283910","01317d30","FUN_01317d30","COMPUTED_CALL"
"01283910","FUN_01283910","0132ab80","FUN_0132ab80","COMPUTED_CALL"
"01283910","FUN_01283910","0132ab80","FUN_0132ab80","UNCONDITIONAL_CALL"
"01283910","FUN_01283910","0132ab80","FUN_0132ab80","UNCONDITIONAL_CALL"
"01283910","FUN_01283910","0133c0b0","FUN_0133c0b0","UNCONDITIONAL_CALL"
"01283910","FUN_01283910","01349580","FUN_01349580","COMPUTED_CALL"
"01283910","FUN_01283910","01349580","FUN_01349580","UNCONDITIONAL_CALL"
"01283910","FUN_01283910","01349910","FUN_01349910","UNCONDITIONAL_CALL"
"01283910","FUN_01283910","01349910","FUN_01349910","COMPUTED_CALL"
"01283910","FUN_01283910","01369790","FUN_01369790","COMPUTED_CALL"
"01283910","FUN_01283910","01369790","FUN_01369790","UNCONDITIONAL_CALL"
"01283910","FUN_01283910","0136b6a0","FUN_0136b6a0","UNCONDITIONAL_CALL"
"01283910","FUN_01283910","0136b6a0","FUN_0136b6a0","COMPUTED_CALL"
"01283910","FUN_01283910","01371690","FUN_01371690","COMPUTED_CALL"
"01283910","FUN_01283910","01371690","FUN_01371690","UNCONDITIONAL_CALL"
"01283910","FUN_01283910","01383070","FUN_01383070","COMPUTED_CALL"
"01283910","FUN_01283910","01383070","FUN_01383070","UNCONDITIONAL_CALL"
"01283910","FUN_01283910","01386c40","FUN_01386c40","UNCONDITIONAL_CALL"
"01283910","FUN_01283910","01386c40","FUN_01386c40","COMPUTED_CALL"
"01283910","FUN_01283910","013894f0","FUN_013894f0","UNCONDITIONAL_CALL"
"01283910","FUN_01283910","013894f0","FUN_013894f0","COMPUTED_CALL"
"01283910","FUN_01283910","0138ad30","FUN_0138ad30","COMPUTED_CALL"
"01283910","FUN_01283910","0138ad30","FUN_0138ad30","UNCONDITIONAL_CALL"
"01283910","FUN_01283910","0138e170","FUN_0138e170","COMPUTED_CALL"
"01283910","FUN_01283910","0138e170","FUN_0138e170","UNCONDITIONAL_CALL"
"01283910","FUN_01283910","01395f50","FUN_01395f50","COMPUTED_CALL"
"01283910","FUN_01283910","01395f50","FUN_01395f50","UNCONDITIONAL_CALL"
"01283910","FUN_01283910","0139b6d0","FUN_0139b6d0","UNCONDITIONAL_CALL"
"01283910","FUN_01283910","0139b6d0","FUN_0139b6d0","COMPUTED_CALL"
"01283910","FUN_01283910","013ae830","FUN_013ae830","COMPUTED_CALL"
"01283910","FUN_01283910","013ae830","FUN_013ae830","UNCONDITIONAL_CALL"
"01283910","FUN_01283910","013bb1e0","FUN_013bb1e0","COMPUTED_CALL"
"01283910","FUN_01283910","013bb1e0","FUN_013bb1e0","UNCONDITIONAL_CALL"
"01283910","FUN_01283910","013f5560","FUN_013f5560","COMPUTED_CALL"
"01283910","FUN_01283910","013f5560","FUN_013f5560","UNCONDITIONAL_CALL"
"01283910","FUN_01283910","014647a0","FUN_014647a0","UNCONDITIONAL_CALL"
"01283910","FUN_01283910","014647a0","FUN_014647a0","COMPUTED_CALL"
"01283910","FUN_01283910","016830c0","FUN_016830c0","UNCONDITIONAL_CALL"
"01283910","FUN_01283910","016830c0","FUN_016830c0","UNCONDITIONAL_CALL"
"01283910","FUN_01283910","016830c0","FUN_016830c0","UNCONDITIONAL_CALL"
"01283910","FUN_01283910","016830c0","FUN_016830c0","UNCONDITIONAL_CALL"
"01283910","FUN_01283910","016830c0","FUN_016830c0","UNCONDITIONAL_CALL"
"01283910","FUN_01283910","016830c0","FUN_016830c0","UNCONDITIONAL_CALL"
"01283910","FUN_01283910","016830c0","FUN_016830c0","UNCONDITIONAL_CALL"
"01283910","FUN_01283910","016830c0","FUN_016830c0","UNCONDITIONAL_CALL"
"01283910","FUN_01283910","016830c0","FUN_016830c0","UNCONDITIONAL_CALL"
"01283910","FUN_01283910","016830c0","FUN_016830c0","UNCONDITIONAL_CALL"
"01283910","FUN_01283910","016830c0","FUN_016830c0","UNCONDITIONAL_CALL"
"01283910","FUN_01283910","016830c0","FUN_016830c0","UNCONDITIONAL_CALL"
"01283910","FUN_01283910","016830c0","FUN_016830c0","UNCONDITIONAL_CALL"
"01283910","FUN_01283910","016830c0","FUN_016830c0","UNCONDITIONAL_CALL"
"01283910","FUN_01283910","016830c0","FUN_016830c0","UNCONDITIONAL_CALL"
"01283910","FUN_01283910","016830c0","FUN_016830c0","UNCONDITIONAL_CALL"
"01283910","FUN_01283910","016830c0","FUN_016830c0","UNCONDITIONAL_CALL"
"01283910","FUN_01283910","016830c0","FUN_016830c0","UNCONDITIONAL_CALL"
"01283910","FUN_01283910","016830c0","FUN_016830c0","UNCONDITIONAL_CALL"
"01283910","FUN_01283910","016830c0","FUN_016830c0","UNCONDITIONAL_CALL"
"01283910","FUN_01283910","016830c0","FUN_016830c0","UNCONDITIONAL_CALL"
"01283910","FUN_01283910","016830c0","FUN_016830c0","UNCONDITIONAL_CALL"
"01283910","FUN_01283910","016830c0","FUN_016830c0","UNCONDITIONAL_CALL"
"01283910","FUN_01283910","016830c0","FUN_016830c0","UNCONDITIONAL_CALL"
"01283910","FUN_01283910","016830c0","FUN_016830c0","UNCONDITIONAL_CALL"
"01283910","FUN_01283910","016830c0","FUN_016830c0","UNCONDITIONAL_CALL"
"01283910","FUN_01283910","016830c0","FUN_016830c0","UNCONDITIONAL_CALL"
"01283910","FUN_01283910","016830c0","FUN_016830c0","UNCONDITIONAL_CALL"
"01283910","FUN_01283910","016830c0","FUN_016830c0","UNCONDITIONAL_CALL"
"01283910","FUN_01283910","016830c0","FUN_016830c0","UNCONDITIONAL_CALL"
"01283910","FUN_01283910","016830c0","FUN_016830c0","UNCONDITIONAL_CALL"
"01283910","FUN_01283910","016830c0","FUN_016830c0","UNCONDITIONAL_CALL"
"01283910","FUN_01283910","016830c0","FUN_016830c0","UNCONDITIONAL_CALL"
"01283910","FUN_01283910","016830c0","FUN_016830c0","UNCONDITIONAL_CALL"
"01283910","FUN_01283910","016830c0","FUN_016830c0","UNCONDITIONAL_CALL"
"01283910","FUN_01283910","016830c0","FUN_016830c0","UNCONDITIONAL_CALL"
"01283910","FUN_01283910","016830c0","FUN_016830c0","UNCONDITIONAL_CALL"
"01283910","FUN_01283910","016830c0","FUN_016830c0","UNCONDITIONAL_CALL"
"01283910","FUN_01283910","016830c0","FUN_016830c0","UNCONDITIONAL_CALL"
"01283910","FUN_01283910","016830c0","FUN_016830c0","UNCONDITIONAL_CALL"
"01283910","FUN_01283910","016830c0","FUN_016830c0","UNCONDITIONAL_CALL"
"01283910","FUN_01283910","016830c0","FUN_016830c0","UNCONDITIONAL_CALL"
"01283910","FUN_01283910","016830c0","FUN_016830c0","UNCONDITIONAL_CALL"
"01283910","FUN_01283910","016830c0","FUN_016830c0","UNCONDITIONAL_CALL"
"01283910","FUN_01283910","016830c0","FUN_016830c0","UNCONDITIONAL_CALL"
"01283910","FUN_01283910","016830c0","FUN_016830c0","UNCONDITIONAL_CALL"
"01283910","FUN_01283910","016830c0","FUN_016830c0","UNCONDITIONAL_CALL"
"01283910","FUN_01283910","016830c0","FUN_016830c0","UNCONDITIONAL_CALL"
"01283910","FUN_01283910","016830c0","FUN_016830c0","UNCONDITIONAL_CALL"
"01283910","FUN_01283910","016830c0","FUN_016830c0","UNCONDITIONAL_CALL"
"01283910","FUN_01283910","016830c0","FUN_016830c0","UNCONDITIONAL_CALL"
"01283910","FUN_01283910","016830c0","FUN_016830c0","UNCONDITIONAL_CALL"
"01283910","FUN_01283910","016830c0","FUN_016830c0","UNCONDITIONAL_CALL"
"0128bfa0","FUN_0128bfa0","00f19f10","FUN_00f19f10","UNCONDITIONAL_CALL"
"0128bfa0","FUN_0128bfa0","01118d40","FUN_01118d40","COMPUTED_CALL"
"0128bfa0","FUN_0128bfa0","01118d40","FUN_01118d40","UNCONDITIONAL_CALL"
"0128bfa0","FUN_0128bfa0","01287ce0","FUN_01287ce0","UNCONDITIONAL_CALL"
"0128bfa0","FUN_0128bfa0","016830c0","FUN_016830c0","UNCONDITIONAL_CALL"
"0128c5d0","FUN_0128c5d0","00f19f10","FUN_00f19f10","UNCONDITIONAL_CALL"
"0128c5d0","FUN_0128c5d0","01287ce0","FUN_01287ce0","UNCONDITIONAL_CALL"
"0128c5d0","FUN_0128c5d0","01371e40","FUN_01371e40","COMPUTED_CALL"
"0128c5d0","FUN_0128c5d0","01371e40","FUN_01371e40","UNCONDITIONAL_CALL"
"0128c5d0","FUN_0128c5d0","016830c0","FUN_016830c0","UNCONDITIONAL_CALL"
"0128c7f0","FUN_0128c7f0","00f19f10","FUN_00f19f10","UNCONDITIONAL_CALL"
"0128c7f0","FUN_0128c7f0","01267760","FUN_01267760","UNCONDITIONAL_CALL"
"0128c7f0","FUN_0128c7f0","01267760","FUN_01267760","COMPUTED_CALL"
"0128c7f0","FUN_0128c7f0","01287ce0","FUN_01287ce0","UNCONDITIONAL_CALL"
"0128c7f0","FUN_0128c7f0","016830c0","FUN_016830c0","UNCONDITIONAL_CALL"
"0128c990","FUN_0128c990","00f19f10","FUN_00f19f10","UNCONDITIONAL_CALL"
"0128c990","FUN_0128c990","0125dde0","FUN_0125dde0","COMPUTED_CALL"
"0128c990","FUN_0128c990","0125dde0","FUN_0125dde0","UNCONDITIONAL_CALL"
"0128c990","FUN_0128c990","01287ce0","FUN_01287ce0","UNCONDITIONAL_CALL"
"0128c990","FUN_0128c990","016830c0","FUN_016830c0","UNCONDITIONAL_CALL"
"01291910","FUN_01291910","01283910","FUN_01283910","UNCONDITIONAL_CALL"
"01291910","FUN_01291910","01283910","FUN_01283910","UNCONDITIONAL_CALL"
"012945f0","FUN_012945f0","01283910","FUN_01283910","UNCONDITIONAL_CALL"
"01294980","FUN_01294980","01283910","FUN_01283910","UNCONDITIONAL_CALL"
"012cdfc0","FUN_012cdfc0","012ce6a0","FUN_012ce6a0","UNCONDITIONAL_CALL"
"012cdfc0","FUN_012cdfc0","012ce6a0","FUN_012ce6a0","UNCONDITIONAL_CALL"
"012cdfc0","FUN_012cdfc0","012ce800","FUN_012ce800","UNCONDITIONAL_CALL"
"012ce6a0","FUN_012ce6a0","00f19cc0","FUN_00f19cc0","UNCONDITIONAL_CALL"
"012ce6a0","FUN_012ce6a0","00f19cc0","FUN_00f19cc0","UNCONDITIONAL_CALL"
"012ce6a0","FUN_012ce6a0","00f19cc0","FUN_00f19cc0","UNCONDITIONAL_CALL"
"012ce6a0","FUN_012ce6a0","00f1a330","FUN_00f1a330","UNCONDITIONAL_CALL"
"012ce6a0","FUN_012ce6a0","015ce480","FUN_015ce480","UNCONDITIONAL_CALL"
"012ce6a0","FUN_012ce6a0","015ce480","FUN_015ce480","UNCONDITIONAL_CALL"
"012ce6a0","FUN_012ce6a0","015ce480","FUN_015ce480","UNCONDITIONAL_CALL"
"012ce800","FUN_012ce800","00f19cc0","FUN_00f19cc0","UNCONDITIONAL_CALL"
"012ce800","FUN_012ce800","00f1a330","FUN_00f1a330","UNCONDITIONAL_CALL"
"012ce800","FUN_012ce800","00f1d720","FUN_00f1d720","UNCONDITIONAL_CALL"
"012ce800","FUN_012ce800","00f1d720","FUN_00f1d720","UNCONDITIONAL_CALL"
"012ce800","FUN_012ce800","00f1d720","FUN_00f1d720","UNCONDITIONAL_CALL"
"012ce800","FUN_012ce800","00f1d720","FUN_00f1d720","UNCONDITIONAL_CALL"
"012ce800","FUN_012ce800","00f1d720","FUN_00f1d720","UNCONDITIONAL_CALL"
"012ce800","FUN_012ce800","00f1d720","FUN_00f1d720","UNCONDITIONAL_CALL"
"012ce800","FUN_012ce800","00f1d720","FUN_00f1d720","UNCONDITIONAL_CALL"
"012ce800","FUN_012ce800","00f1d720","FUN_00f1d720","UNCONDITIONAL_CALL"
"012ce800","FUN_012ce800","00f1d720","FUN_00f1d720","UNCONDITIONAL_CALL"
"012ce800","FUN_012ce800","00f1d720","FUN_00f1d720","UNCONDITIONAL_CALL"
"012ce800","FUN_012ce800","00f222a0","FUN_00f222a0","UNCONDITIONAL_CALL"
"012ce800","FUN_012ce800","00f222a0","FUN_00f222a0","UNCONDITIONAL_CALL"
"012ce800","FUN_012ce800","00f222a0","FUN_00f222a0","UNCONDITIONAL_CALL"
"012ce800","FUN_012ce800","012ce390","FUN_012ce390","UNCONDITIONAL_CALL"
"012ce800","FUN_012ce800","012ce4f0","FUN_012ce4f0","UNCONDITIONAL_CALL"
"012ce800","FUN_012ce800","012cf6a0","FUN_012cf6a0","UNCONDITIONAL_CALL"
"012ce800","FUN_012ce800","015b1930","FUN_015b1930","UNCONDITIONAL_CALL"
"012ce800","FUN_012ce800","015ce480","FUN_015ce480","UNCONDITIONAL_CALL"
"012ce800","FUN_012ce800","015cea10","FUN_015cea10","UNCONDITIONAL_CALL"
"012ce800","FUN_012ce800","015cea10","FUN_015cea10","UNCONDITIONAL_CALL"
"012ce800","FUN_012ce800","015cea10","FUN_015cea10","UNCONDITIONAL_CALL"
"012ce800","FUN_012ce800","015cea10","FUN_015cea10","UNCONDITIONAL_CALL"
"012ce800","FUN_012ce800","015cea10","FUN_015cea10","UNCONDITIONAL_CALL"
"012ce800","FUN_012ce800","015cea10","FUN_015cea10","UNCONDITIONAL_CALL"
"012ce800","FUN_012ce800","015cea10","FUN_015cea10","UNCONDITIONAL_CALL"
"012ce800","FUN_012ce800","015cea10","FUN_015cea10","UNCONDITIONAL_CALL"
"012ce800","FUN_012ce800","015cea10","FUN_015cea10","UNCONDITIONAL_CALL"
"012ce800","FUN_012ce800","015cea10","FUN_015cea10","UNCONDITIONAL_CALL"
"012ce800","FUN_012ce800","015cea10","FUN_015cea10","UNCONDITIONAL_CALL"
"012ce800","FUN_012ce800","015d6b70","FUN_015d6b70","UNCONDITIONAL_CALL"
"012ce800","FUN_012ce800","015db910","FUN_015db910","UNCONDITIONAL_CALL"
"012ce800","FUN_012ce800","015e33f0","FUN_015e33f0","UNCONDITIONAL_CALL"
"012ce800","FUN_012ce800","015e33f0","FUN_015e33f0","UNCONDITIONAL_CALL"
"012ce800","FUN_012ce800","015e33f0","FUN_015e33f0","UNCONDITIONAL_CALL"
"012ce800","FUN_012ce800","015e33f0","FUN_015e33f0","UNCONDITIONAL_CALL"
"012ce800","FUN_012ce800","015e33f0","FUN_015e33f0","UNCONDITIONAL_CALL"
"012ce800","FUN_012ce800","015e33f0","FUN_015e33f0","UNCONDITIONAL_CALL"
"012ce800","FUN_012ce800","015e33f0","FUN_015e33f0","UNCONDITIONAL_CALL"
"012ce800","FUN_012ce800","015e33f0","FUN_015e33f0","UNCONDITIONAL_CALL"
"012ce800","FUN_012ce800","015e5990","FUN_015e5990","UNCONDITIONAL_CALL"
"012ce800","FUN_012ce800","015e5990","FUN_015e5990","UNCONDITIONAL_CALL"
"012ce800","FUN_012ce800","0161e740","FUN_0161e740","UNCONDITIONAL_CALL"
"012cf2e0","FUN_012cf2e0","012ce6a0","FUN_012ce6a0","UNCONDITIONAL_CALL"
"012cf2e0","FUN_012cf2e0","012ce800","FUN_012ce800","UNCONDITIONAL_CALL"
"012cf700","FUN_012cf700","012ce6a0","FUN_012ce6a0","UNCONDITIONAL_CALL"
"012cfc40","FUN_012cfc40","00f19cc0","FUN_00f19cc0","UNCONDITIONAL_CALL"
"012cfc40","FUN_012cfc40","00f1a330","FUN_00f1a330","UNCONDITIONAL_CALL"
"012cfc40","FUN_012cfc40","00f1a330","FUN_00f1a330","UNCONDITIONAL_CALL"
"012cfc40","FUN_012cfc40","00f1d720","FUN_00f1d720","UNCONDITIONAL_CALL"
"012cfc40","FUN_012cfc40","00f1d720","FUN_00f1d720","UNCONDITIONAL_CALL"
"012cfc40","FUN_012cfc40","00f1d720","FUN_00f1d720","UNCONDITIONAL_CALL"
"012cfc40","FUN_012cfc40","00f1d720","FUN_00f1d720","UNCONDITIONAL_CALL"
"012cfc40","FUN_012cfc40","00f1d720","FUN_00f1d720","UNCONDITIONAL_CALL"
"012cfc40","FUN_012cfc40","00f1d720","FUN_00f1d720","UNCONDITIONAL_CALL"
"012cfc40","FUN_012cfc40","00f1d720","FUN_00f1d720","UNCONDITIONAL_CALL"
"012cfc40","FUN_012cfc40","00f1d720","FUN_00f1d720","UNCONDITIONAL_CALL"
"012cfc40","FUN_012cfc40","00f1d720","FUN_00f1d720","UNCONDITIONAL_CALL"
"012cfc40","FUN_012cfc40","00f1d720","FUN_00f1d720","UNCONDITIONAL_CALL"
"012cfc40","FUN_012cfc40","013bdff0","FUN_013bdff0","UNCONDITIONAL_CALL"
"012cfc40","FUN_012cfc40","013be010","FUN_013be010","UNCONDITIONAL_CALL"
"012cfc40","FUN_012cfc40","01500f80","FUN_01500f80","UNCONDITIONAL_CALL"
"012cfc40","FUN_012cfc40","015ce480","FUN_015ce480","UNCONDITIONAL_CALL"
"012cfc40","FUN_012cfc40","015db910","FUN_015db910","UNCONDITIONAL_CALL"
"0130d530","FUN_0130d530","014484b0","FUN_014484b0","UNCONDITIONAL_CALL"
"013119b0","FUN_013119b0","013121c0","FUN_013121c0","UNCONDITIONAL_CALL"
"01311c30","FUN_01311c30","013121c0","FUN_013121c0","UNCONDITIONAL_CALL"
"013121c0","FUN_013121c0","00f1a420","FUN_00f1a420","UNCONDITIONAL_CALL"
"013121c0","FUN_013121c0","00f1a420","FUN_00f1a420","UNCONDITIONAL_CALL"
"013121c0","FUN_013121c0","00f1a420","FUN_00f1a420","UNCONDITIONAL_CALL"
"013121c0","FUN_013121c0","015cea10","FUN_015cea10","UNCONDITIONAL_CALL"
"013121c0","FUN_013121c0","015cea10","FUN_015cea10","UNCONDITIONAL_CALL"
"013121c0","FUN_013121c0","015d17e0","FUN_015d17e0","UNCONDITIONAL_CALL"
"013121c0","FUN_013121c0","0160b740","FUN_0160b740","UNCONDITIONAL_CALL"
"01447fb0","FUN_01447fb0","014484b0","FUN_014484b0","UNCONDITIONAL_CALL"
"014484b0","FUN_014484b0","015b7840","FUN_015b7840","UNCONDITIONAL_CALL"
"014484b0","FUN_014484b0","015b7840","FUN_015b7840","UNCONDITIONAL_CALL"
"014484b0","FUN_014484b0","015b7840","FUN_015b7840","UNCONDITIONAL_CALL"
"014484b0","FUN_014484b0","015b7840","FUN_015b7840","UNCONDITIONAL_CALL"
"014484b0","FUN_014484b0","015b7840","FUN_015b7840","UNCONDITIONAL_CALL"
"014484b0","FUN_014484b0","015b7840","FUN_015b7840","UNCONDITIONAL_CALL"
"014484b0","FUN_014484b0","015b7840","FUN_015b7840","UNCONDITIONAL_CALL"
"014484b0","FUN_014484b0","015b7840","FUN_015b7840","UNCONDITIONAL_CALL"
"014484b0","FUN_014484b0","015b7840","FUN_015b7840","UNCONDITIONAL_CALL"
"014484b0","FUN_014484b0","015b7840","FUN_015b7840","UNCONDITIONAL_CALL"
"014484b0","FUN_014484b0","015b7840","FUN_015b7840","UNCONDITIONAL_CALL"
"014484b0","FUN_014484b0","015b7840","FUN_015b7840","UNCONDITIONAL_CALL"
"014484b0","FUN_014484b0","015b7840","FUN_015b7840","UNCONDITIONAL_CALL"
"0161e970","FUN_0161e970","00f1a2b0","FUN_00f1a2b0","UNCONDITIONAL_CALL"
"0161e970","FUN_0161e970","00f1a2b0","FUN_00f1a2b0","UNCONDITIONAL_CALL"
"0161e970","FUN_0161e970","00f1a2b0","FUN_00f1a2b0","UNCONDITIONAL_CALL"
"0161e970","FUN_0161e970","00f1a2b0","FUN_00f1a2b0","UNCONDITIONAL_CALL"
"0161e970","FUN_0161e970","00f1a2b0","FUN_00f1a2b0","UNCONDITIONAL_CALL"
"0161e970","FUN_0161e970","00f1a2b0","FUN_00f1a2b0","UNCONDITIONAL_CALL"
"0161e970","FUN_0161e970","00f1a2b0","FUN_00f1a2b0","UNCONDITIONAL_CALL"
"0161e970","FUN_0161e970","015d0700","FUN_015d0700","UNCONDITIONAL_CALL"
"0161e970","FUN_0161e970","0161b8c0","FUN_0161b8c0","UNCONDITIONAL_CALL"
"0161e970","FUN_0161e970","0161b8c0","FUN_0161b8c0","UNCONDITIONAL_CALL"
"0161e970","FUN_0161e970","0161b8c0","FUN_0161b8c0","UNCONDITIONAL_CALL"
"0161e970","FUN_0161e970","0161b8c0","FUN_0161b8c0","UNCONDITIONAL_CALL"
"0161e970","FUN_0161e970","0161b8c0","FUN_0161b8c0","UNCONDITIONAL_CALL"
"0161e970","FUN_0161e970","0161b8c0","FUN_0161b8c0","UNCONDITIONAL_CALL"
"0161e970","FUN_0161e970","0161b8c0","FUN_0161b8c0","UNCONDITIONAL_CALL"
"0161e970","FUN_0161e970","017986fc","FUN_017986fc","UNCONDITIONAL_CALL"
"0161e970","FUN_0161e970","017986fc","FUN_017986fc","UNCONDITIONAL_CALL"
"0161e970","FUN_0161e970","017986fc","FUN_017986fc","UNCONDITIONAL_CALL"
"0161e970","FUN_0161e970","017986fc","FUN_017986fc","UNCONDITIONAL_CALL"
"0161e970","FUN_0161e970","017986fc","FUN_017986fc","UNCONDITIONAL_CALL"
"0161e970","FUN_0161e970","017986fc","FUN_017986fc","UNCONDITIONAL_CALL"
"0161e970","FUN_0161e970","017986fc","FUN_017986fc","UNCONDITIONAL_CALL"
