action,buff_id,icon,type,life_type,time_type,class,skill_code,digimon_skill_code,delete_on_condition,effect_file,condition_level
skipped,40126,2041,2,1,4,426,7500011,0,0,Debuff_Fire,0
skipped,40127,2042,2,1,4,427,7500211,0,0,Debuff_Light,0
skipped,40128,2043,1,1,4,428,7500111,0,1,Buff_SkillPowerUp,0
skipped,40129,2043,1,1,4,429,7500311,0,1,Buff_SkillPowerUp,0
skipped,40138,2045,2,1,4,427,7572111,0,0,Debuff_metal,0
skipped,40139,2043,1,1,4,428,7572131,0,1,Buff_SkillPowerUp,0
skipped,40160,3051,1,1,4,441,0,8000311,0,,0
skipped,40161,3053,1,1,4,450,0,8000211,0,,0
skipped,40163,2042,2,1,4,463,7500411,0,0,Debuff_Light,0
skipped,40164,2043,1,1,4,464,7500421,0,1,Buff_SkillPowerUp,0
skipped,40165,2044,2,1,4,465,7500511,0,0,Debuff_Stun,0
skipped,40166,2046,1,1,4,466,7500711,0,1,Buff_Invincible,0
skipped,40167,2045,2,1,4,467,7500811,0,0,Debuff_Stone,0
skipped,40168,2051,1,1,4,468,7501011,0,1,Buff_Dodge,0
skipped,40169,2048,1,1,4,469,7501111,0,1,Buff_Shield,0
skipped,40170,2049,1,1,4,470,7501211,0,1,Buff_Critical,0
skipped,40171,2047,1,1,4,471,7501311,0,1,Buff_Reflect,0
skipped,40172,2044,2,1,4,472,7501411,0,0,Debuff_Stun,0
skipped,40211,3075,1,2,4,301,0,8000121,0,,0
skipped,40212,3075,1,2,4,301,0,8000131,0,,0
skipped,40213,3054,1,1,4,601,0,8000211,1,Buff06_Attack_Red,0
skipped,40214,3076,1,2,4,302,0,8000221,0,,0
skipped,40215,3076,1,2,4,302,0,8000231,0,,0
skipped,40216,3051,1,1,4,602,0,8000311,1,Buff06_Attack_Blue,0
skipped,40217,3077,1,2,4,303,0,8000321,0,,0
skipped,40218,3077,1,2,4,303,0,8000331,0,,0
skipped,40219,3055,1,1,4,603,0,8000411,1,Buff06_Attack_Red,0
skipped,40220,3078,1,2,4,304,0,8000421,0,,0
skipped,40221,3078,1,2,4,304,0,8000431,0,,0
skipped,40222,3037,1,1,4,604,0,8000511,1,Buff06_Attack_Red,0
skipped,40223,3079,1,2,4,305,0,8000521,0,,0
skipped,40224,3079,1,2,4,305,0,8000531,0,,0
skipped,40225,3056,1,1,4,605,0,8000611,1,Buff06_Attack_Green,0
skipped,40226,3081,1,2,4,306,0,8000621,0,,0
skipped,40227,3081,1,2,4,306,0,8000631,0,,0
skipped,40228,3057,1,1,4,606,0,8000711,1,Buff06_Attack_Red,0
skipped,40229,3082,1,2,4,307,0,8000721,0,,0
skipped,40230,3082,1,2,4,307,0,8000731,0,,0
skipped,40231,3041,1,1,4,607,0,8000811,1,Buff06_Attack_Green,0
skipped,40232,3083,1,2,4,308,0,8000821,0,,0
skipped,40233,3083,1,2,4,308,0,8000831,0,,0
skipped,40234,3058,1,1,4,608,0,8000911,1,Buff06_Attack_Green,0
skipped,40235,3084,1,2,4,309,0,8000921,0,,0
skipped,40236,3084,1,2,4,309,0,8000931,0,,0
skipped,40237,3074,1,1,4,609,0,8001011,1,Buff06_Attack_Blue,0
skipped,40238,3085,1,2,4,310,0,8001021,0,,0
skipped,40239,3085,1,2,4,310,0,8001031,0,,0
skipped,40258,3106,1,1,4,629,0,8001216,1,Buff06_Attack_Green,0
skipped,40259,3108,1,1,4,630,0,8001217,1,Buff06_Attack_Blue,0
skipped,40260,1003,1,2,4,311,0,8100000,0,,0
skipped,40261,1003,1,2,4,311,0,8100001,0,,0
skipped,40272,3096,1,1,4,620,0,8001211,1,Buff06_Attack_Red,0
skipped,40273,3097,1,1,4,621,0,8001212,1,Buff06_Attack_Green,0
skipped,40274,3096,1,1,4,620,0,8001411,1,Buff06_Attack_Red,0
skipped,40275,3094,1,2,4,312,0,8001421,0,,0
skipped,40276,3094,1,2,4,312,0,8001431,0,,0
skipped,40277,3097,1,1,4,621,0,8001511,1,Buff06_Attack_Green,0
skipped,40278,3095,1,2,4,313,0,8001521,0,,0
skipped,40279,3095,1,2,4,313,0,8001531,0,,0
skipped,40281,3099,1,1,4,626,0,8001611,1,Buff06_Attack_Red,0
skipped,40282,3098,1,2,4,314,0,8001621,0,,0
skipped,40283,3098,1,2,4,314,0,8001631,0,,0
skipped,40284,3102,1,1,4,627,0,8001711,1,Buff06_Attack_Green,0
skipped,40285,3101,1,2,4,315,0,8001721,0,,0
skipped,40286,3101,1,2,4,315,0,8001731,0,,0
skipped,40287,3104,1,1,4,628,0,8001811,1,Buff06_Attack_Red,0
skipped,40288,3103,1,2,4,316,0,8001821,0,,0
skipped,40289,3103,1,2,4,316,0,8001831,0,,0
skipped,40290,3099,1,1,4,626,0,8001214,1,Buff06_Attack_Red,0
skipped,40291,3102,1,1,4,627,0,8001215,1,Buff06_Attack_Blue,0
skipped,40292,3104,1,1,4,628,0,8001216,1,Buff06_Attack_Green,0
skipped,40293,3106,1,1,4,629,0,8001911,1,Buff06_Attack_Green,0
skipped,40294,3105,1,2,4,317,0,8001921,0,,0
skipped,40295,3105,1,2,4,317,0,8001931,0,,0
skipped,40296,3108,1,1,4,630,0,8002011,1,Buff06_Attack_Blue,0
skipped,40297,3107,1,2,4,318,0,8002021,0,,0
skipped,40298,3107,1,2,4,318,0,8002031,0,,0
skipped,40351,3096,1,1,4,620,0,8001219,1,Buff06_Attack_Red,0
skipped,40352,3097,1,1,4,621,0,8001220,1,Buff06_Attack_Green,0
skipped,40353,3057,1,1,4,606,0,8001221,1,Buff06_Attack_Red,0
skipped,40354,3099,1,1,4,626,0,8001222,1,Buff06_Attack_Red,0
skipped,40355,3102,1,1,4,627,0,8001223,1,Buff06_Attack_Blue,0
skipped,40356,3104,1,1,4,628,0,8001224,1,Buff06_Attack_Green,0
skipped,40357,3106,1,1,4,629,0,8001225,1,Buff06_Attack_Green,0
skipped,40358,3108,1,1,4,630,0,8001226,1,Buff06_Attack_Blue,0
skipped,40359,2063,1,2,4,301,0,8001230,0,,0
skipped,40360,2065,1,2,4,302,0,8001231,0,,0
skipped,40361,2064,1,2,4,303,0,8001232,0,,0
skipped,40362,3138,1,2,4,304,0,8001233,0,,0
skipped,40363,2078,1,2,4,305,0,8001234,0,,0
skipped,40364,2080,1,2,4,306,0,8001235,0,,0
skipped,40365,2079,1,2,4,307,0,8001236,0,,0
skipped,40366,3137,1,2,4,308,0,8001237,0,,0
skipped,40367,3140,1,1,4,875,0,8001238,1,Buff06_Attack_Red,0
skipped,40368,3140,1,1,4,875,0,8001239,1,Buff06_Attack_Green,0
skipped,40369,3140,1,1,4,875,0,8001240,1,Buff06_Attack_Red,0
skipped,40370,3139,1,1,4,875,0,8001241,1,Buff06_Attack_Red,0
skipped,40371,3139,1,1,4,875,0,8001242,1,Buff06_Attack_Red,0
skipped,40372,3139,1,1,4,875,0,8001243,1,Buff06_Attack_Red,0
skipped,40500,2052,1,1,1,500,9000001,0,1,Memory_Buff_Attack_Skill,0
skipped,40501,2052,1,1,1,500,9000002,0,1,Memory_Buff_Attack_Skill,0
skipped,40502,2052,1,1,1,500,9000003,0,1,Memory_Buff_Attack_Skill,0
skipped,40503,2053,1,1,1,501,9000004,0,1,Memory_Buff_Attack_Skill,0
skipped,40504,2053,1,1,1,501,9000005,0,1,Memory_Buff_Attack_Skill,0
skipped,40505,2053,1,1,1,501,9000006,0,1,Memory_Buff_Attack_Skill,0
skipped,40506,2054,1,1,1,502,9000007,0,1,Memory_Buff_Attack_Skill,0
skipped,40507,2054,1,1,1,502,9000008,0,1,Memory_Buff_Attack_Skill,0
skipped,40508,2054,1,1,1,502,9000009,0,1,Memory_Buff_Attack_Skill,0
skipped,40509,2055,1,1,1,503,9000010,0,1,Memory_Buff_Attack_Skill,0
skipped,40510,2055,1,1,1,503,9000011,0,1,Memory_Buff_Attack_Skill,0
skipped,40511,2055,1,1,1,503,9000012,0,1,Memory_Buff_Attack_Skill,0
skipped,40512,2056,1,1,1,504,9000013,0,1,Memory_Buff_Attack_Skill,0
skipped,40513,2056,1,1,1,504,9000014,0,1,Memory_Buff_Attack_Skill,0
skipped,40514,2056,1,1,1,504,9000015,0,1,Memory_Buff_Attack_Skill,0
skipped,40515,2057,1,1,1,505,9000016,0,1,Memory_Buff_Attack_Skill,0
skipped,40516,2057,1,1,1,505,9000017,0,1,Memory_Buff_Attack_Skill,0
skipped,40517,2057,1,1,1,505,9000018,0,1,Memory_Buff_Attack_Skill,0
skipped,40518,2058,1,1,1,506,9000019,0,1,Memory_Buff_Attack_Skill,0
skipped,40519,2058,1,1,1,506,9000020,0,1,Memory_Buff_Attack_Skill,0
skipped,40520,2058,1,1,1,506,9000021,0,1,Memory_Buff_Attack_Skill,0
skipped,40521,2059,1,1,1,507,9000022,0,1,Memory_Buff_Attack_Skill,0
skipped,40522,2059,1,1,1,507,9000023,0,1,Memory_Buff_Attack_Skill,0
skipped,40523,2059,1,1,1,507,9000024,0,1,Memory_Buff_Attack_Skill,0
skipped,40524,2060,1,1,1,508,9000025,0,1,Memory_Buff_Attack_Skill,0
skipped,40525,2060,1,1,1,508,9000026,0,1,Memory_Buff_Attack_Skill,0
skipped,40526,2060,1,1,1,508,9000027,0,1,Memory_Buff_Attack_Skill,0
skipped,40527,2061,1,1,1,509,9000028,0,1,Memory_Buff_Attack_Skill,0
skipped,40528,2061,1,1,1,509,9000029,0,1,Memory_Buff_Attack_Skill,0
skipped,40529,2061,1,1,1,509,9000030,0,1,Memory_Buff_Attack_Skill,0
skipped,40530,2062,1,1,1,510,9000031,0,1,Memory_Buff_Attack_Skill,0
skipped,40531,2062,1,1,1,510,9000032,0,1,Memory_Buff_Attack_Skill,0
skipped,40532,2062,1,1,1,510,9000033,0,1,Memory_Buff_Attack_Skill,0
skipped,40533,2063,1,1,1,511,9000034,0,1,Memory_Buff_Attack_Skill,0
skipped,40534,2063,1,1,1,511,9000035,0,1,Memory_Buff_Attack_Skill,0
skipped,40535,2063,1,1,1,511,9000036,0,1,Memory_Buff_Attack_Skill,0
skipped,40536,2064,1,1,1,512,9000037,0,1,Memory_Buff_Attack_Skill,0
skipped,40537,2064,1,1,1,512,9000038,0,1,Memory_Buff_Attack_Skill,0
skipped,40538,2064,1,1,1,512,9000039,0,1,Memory_Buff_Attack_Skill,0
skipped,40539,2065,1,1,1,513,9000040,0,1,Memory_Buff_Attack_Skill,0
skipped,40540,2065,1,1,1,513,9000041,0,1,Memory_Buff_Attack_Skill,0
skipped,40541,2065,1,1,1,513,9000042,0,1,Memory_Buff_Attack_Skill,0
skipped,40700,2067,1,1,1,514,9000301,0,1,Memory_Buff_Defense_Skill,0
skipped,40701,2067,1,1,1,514,9000302,0,1,Memory_Buff_Defense_Skill,0
skipped,40702,2067,1,1,1,514,9000303,0,1,Memory_Buff_Defense_Skill,0
skipped,40703,2068,1,1,1,515,9000304,0,1,Memory_Buff_Defense_Skill,0
skipped,40704,2068,1,1,1,515,9000305,0,1,Memory_Buff_Defense_Skill,0
skipped,40705,2068,1,1,1,515,9000306,0,1,Memory_Buff_Defense_Skill,0
skipped,40706,2069,1,1,1,516,9000307,0,1,Memory_Buff_Defense_Skill,0
skipped,40707,2069,1,1,1,516,9000308,0,1,Memory_Buff_Defense_Skill,0
skipped,40708,2069,1,1,1,516,9000309,0,1,Memory_Buff_Defense_Skill,0
skipped,40709,2070,1,1,1,517,9000310,0,1,Memory_Buff_Defense_Skill,0
skipped,40710,2070,1,1,1,517,9000311,0,1,Memory_Buff_Defense_Skill,0
skipped,40711,2070,1,1,1,517,9000312,0,1,Memory_Buff_Defense_Skill,0
skipped,40712,2071,1,1,1,518,9000313,0,1,Memory_Buff_Defense_Skill,0
skipped,40713,2071,1,1,1,518,9000314,0,1,Memory_Buff_Defense_Skill,0
skipped,40714,2071,1,1,1,518,9000315,0,1,Memory_Buff_Defense_Skill,0
skipped,40715,2072,1,1,1,519,9000316,0,1,Memory_Buff_Defense_Skill,0
skipped,40716,2072,1,1,1,519,9000317,0,1,Memory_Buff_Defense_Skill,0
skipped,40717,2072,1,1,1,519,9000318,0,1,Memory_Buff_Defense_Skill,0
skipped,40718,2073,1,1,1,520,9000319,0,1,Memory_Buff_Defense_Skill,0
skipped,40719,2073,1,1,1,520,9000320,0,1,Memory_Buff_Defense_Skill,0
skipped,40720,2073,1,1,1,520,9000321,0,1,Memory_Buff_Defense_Skill,0
skipped,40721,2074,1,1,1,521,9000322,0,1,Memory_Buff_Defense_Skill,0
skipped,40722,2074,1,1,1,521,9000323,0,1,Memory_Buff_Defense_Skill,0
skipped,40723,2074,1,1,1,521,9000324,0,1,Memory_Buff_Defense_Skill,0
skipped,40724,2075,1,1,1,522,9000325,0,1,Memory_Buff_Defense_Skill,0
skipped,40725,2075,1,1,1,522,9000326,0,1,Memory_Buff_Defense_Skill,0
skipped,40726,2075,1,1,1,522,9000327,0,1,Memory_Buff_Defense_Skill,0
skipped,40727,2076,1,1,1,523,9000328,0,1,Memory_Buff_Defense_Skill,0
skipped,40728,2076,1,1,1,523,9000329,0,1,Memory_Buff_Defense_Skill,0
skipped,40729,2076,1,1,1,523,9000330,0,1,Memory_Buff_Defense_Skill,0
skipped,40730,2077,1,1,1,524,9000331,0,1,Memory_Buff_Defense_Skill,0
skipped,40731,2077,1,1,1,524,9000332,0,1,Memory_Buff_Defense_Skill,0
skipped,40732,2077,1,1,1,524,9000333,0,1,Memory_Buff_Defense_Skill,0
skipped,40733,2078,1,1,1,525,9000334,0,1,Memory_Buff_Defense_Skill,0
skipped,40734,2078,1,1,1,525,9000335,0,1,Memory_Buff_Defense_Skill,0
skipped,40735,2078,1,1,1,525,9000336,0,1,Memory_Buff_Defense_Skill,0
skipped,40736,2079,1,1,1,526,9000337,0,1,Memory_Buff_Defense_Skill,0
skipped,40737,2079,1,1,1,526,9000338,0,1,Memory_Buff_Defense_Skill,0
skipped,40738,2079,1,1,1,526,9000339,0,1,Memory_Buff_Defense_Skill,0
skipped,40739,2080,1,1,1,527,9000340,0,1,Memory_Buff_Defense_Skill,0
skipped,40740,2080,1,1,1,527,9000341,0,1,Memory_Buff_Defense_Skill,0
skipped,40741,2080,1,1,1,527,9000342,0,1,Memory_Buff_Defense_Skill,0
skipped,40742,2081,2,1,1,528,9000343,0,1,Memory_Buff_Defense_Skill,0
skipped,40743,2081,2,1,1,528,9000344,0,1,Memory_Buff_Defense_Skill,0
skipped,40744,2081,2,1,1,528,9000345,0,1,Memory_Buff_Defense_Skill,0
skipped,40900,2082,1,1,1,529,9000601,0,1,Memory_Buff_Support_Skill,0
skipped,40901,2082,1,1,1,529,9000602,0,1,Memory_Buff_Support_Skill,0
skipped,40902,2082,1,1,1,529,9000603,0,1,Memory_Buff_Support_Skill,0
skipped,40903,2083,1,1,1,530,9000604,0,1,Memory_Buff_Support_Skill,0
skipped,40904,2083,1,1,1,530,9000605,0,1,Memory_Buff_Support_Skill,0
skipped,40905,2083,1,1,1,530,9000606,0,1,Memory_Buff_Support_Skill,0
skipped,40906,2084,1,1,1,531,9000607,0,1,Memory_Buff_Support_Skill,0
skipped,40907,2084,1,1,1,531,9000608,0,1,Memory_Buff_Support_Skill,0
skipped,40908,2084,1,1,1,531,9000609,0,1,Memory_Buff_Support_Skill,0
skipped,40909,2085,1,1,1,532,9000610,0,1,Memory_Buff_Support_Skill,0
skipped,40910,2085,1,1,1,532,9000611,0,1,Memory_Buff_Support_Skill,0
skipped,40911,2085,1,1,1,532,9000612,0,1,Memory_Buff_Support_Skill,0
skipped,40912,2086,1,1,1,533,9000613,0,1,Memory_Buff_Support_Skill,0
skipped,40913,2086,1,1,1,533,9000614,0,1,Memory_Buff_Support_Skill,0
skipped,40914,2086,1,1,1,533,9000615,0,1,Memory_Buff_Support_Skill,0
skipped,40915,2087,1,1,1,534,9000616,0,1,Memory_Buff_Support_Skill,0
skipped,40916,2087,1,1,1,534,9000617,0,1,Memory_Buff_Support_Skill,0
skipped,40917,2087,1,1,1,534,9000618,0,1,Memory_Buff_Support_Skill,0
skipped,41500,2052,1,1,1,500,9100001,0,1,Memory_Buff_Attack_Skill,0
skipped,41501,2052,1,1,1,500,9100002,0,1,Memory_Buff_Attack_Skill,0
skipped,41502,2052,1,1,1,500,9100003,0,1,Memory_Buff_Attack_Skill,0
skipped,41503,2053,1,1,1,501,9100004,0,1,Memory_Buff_Attack_Skill,0
skipped,41504,2053,1,1,1,501,9100005,0,1,Memory_Buff_Attack_Skill,0
skipped,41505,2053,1,1,1,501,9100006,0,1,Memory_Buff_Attack_Skill,0
skipped,41506,2054,1,1,1,502,9100007,0,1,Memory_Buff_Attack_Skill,0
skipped,41507,2054,1,1,1,502,9100008,0,1,Memory_Buff_Attack_Skill,0
skipped,41508,2054,1,1,1,502,9100009,0,1,Memory_Buff_Attack_Skill,0
skipped,41509,2055,1,1,1,503,9100010,0,1,Memory_Buff_Attack_Skill,0
skipped,41510,2055,1,1,1,503,9100011,0,1,Memory_Buff_Attack_Skill,0
skipped,41511,2055,1,1,1,503,9100012,0,1,Memory_Buff_Attack_Skill,0
skipped,41512,2056,1,1,1,504,9100013,0,1,Memory_Buff_Attack_Skill,0
skipped,41513,2056,1,1,1,504,9100014,0,1,Memory_Buff_Attack_Skill,0
skipped,41514,2056,1,1,1,504,9100015,0,1,Memory_Buff_Attack_Skill,0
skipped,41515,2057,1,1,1,505,9100016,0,1,Memory_Buff_Attack_Skill,0
skipped,41516,2057,1,1,1,505,9100017,0,1,Memory_Buff_Attack_Skill,0
skipped,41517,2057,1,1,1,505,9100018,0,1,Memory_Buff_Attack_Skill,0
skipped,41518,2058,1,1,1,506,9100019,0,1,Memory_Buff_Attack_Skill,0
skipped,41519,2058,1,1,1,506,9100020,0,1,Memory_Buff_Attack_Skill,0
skipped,41520,2058,1,1,1,506,9100021,0,1,Memory_Buff_Attack_Skill,0
skipped,41521,2059,1,1,1,507,9100022,0,1,Memory_Buff_Attack_Skill,0
skipped,41522,2059,1,1,1,507,9100023,0,1,Memory_Buff_Attack_Skill,0
skipped,41523,2059,1,1,1,507,9100024,0,1,Memory_Buff_Attack_Skill,0
skipped,41524,2060,1,1,1,508,9100025,0,1,Memory_Buff_Attack_Skill,0
skipped,41525,2060,1,1,1,508,9100026,0,1,Memory_Buff_Attack_Skill,0
skipped,41526,2060,1,1,1,508,9100027,0,1,Memory_Buff_Attack_Skill,0
skipped,41527,2061,1,1,1,509,9100028,0,1,Memory_Buff_Attack_Skill,0
skipped,41528,2061,1,1,1,509,9100029,0,1,Memory_Buff_Attack_Skill,0
skipped,41529,2061,1,1,1,509,9100030,0,1,Memory_Buff_Attack_Skill,0
skipped,41530,2062,1,1,1,510,9100031,0,1,Memory_Buff_Attack_Skill,0
skipped,41531,2062,1,1,1,510,9100032,0,1,Memory_Buff_Attack_Skill,0
skipped,41532,2062,1,1,1,510,9100033,0,1,Memory_Buff_Attack_Skill,0
skipped,41533,2063,1,1,1,511,9100034,0,1,Memory_Buff_Attack_Skill,0
skipped,41534,2063,1,1,1,511,9100035,0,1,Memory_Buff_Attack_Skill,0
skipped,41535,2063,1,1,1,511,9100036,0,1,Memory_Buff_Attack_Skill,0
skipped,41536,2064,1,1,1,512,9100037,0,1,Memory_Buff_Attack_Skill,0
skipped,41537,2064,1,1,1,512,9100038,0,1,Memory_Buff_Attack_Skill,0
skipped,41538,2064,1,1,1,512,9100039,0,1,Memory_Buff_Attack_Skill,0
skipped,41539,2065,1,1,1,513,9100040,0,1,Memory_Buff_Attack_Skill,0
skipped,41540,2065,1,1,1,513,9100041,0,1,Memory_Buff_Attack_Skill,0
skipped,41541,2065,1,1,1,513,9100042,0,1,Memory_Buff_Attack_Skill,0
skipped,41542,2052,1,1,1,500,9100046,0,1,Memory_Buff_Attack_Skill,0
skipped,41543,2053,1,1,1,501,9100047,0,1,Memory_Buff_Attack_Skill,0
skipped,41544,2054,1,1,1,502,9100048,0,1,Memory_Buff_Attack_Skill,0
skipped,41545,2055,1,1,1,503,9100049,0,1,Memory_Buff_Attack_Skill,0
skipped,41546,2056,1,1,1,504,9100050,0,1,Memory_Buff_Attack_Skill,0
skipped,41547,2057,1,1,1,505,9100051,0,1,Memory_Buff_Attack_Skill,0
skipped,41548,2058,1,1,1,506,9100052,0,1,Memory_Buff_Attack_Skill,0
skipped,41549,2059,1,1,1,507,9100053,0,1,Memory_Buff_Attack_Skill,0
skipped,41550,2060,1,1,1,508,9100054,0,1,Memory_Buff_Attack_Skill,0
skipped,41551,2061,1,1,1,509,9100055,0,1,Memory_Buff_Attack_Skill,0
skipped,41552,2062,1,1,1,510,9100056,0,1,Memory_Buff_Attack_Skill,0
skipped,41553,2063,1,1,1,511,9100057,0,1,Memory_Buff_Attack_Skill,0
skipped,41554,2064,1,1,1,512,9100058,0,1,Memory_Buff_Attack_Skill,0
skipped,41555,2065,1,1,1,513,9100059,0,1,Memory_Buff_Attack_Skill,0
skipped,41700,2067,1,1,1,514,9100301,0,1,Memory_Buff_Defense_Skill,0
skipped,41701,2067,1,1,1,514,9100302,0,1,Memory_Buff_Defense_Skill,0
skipped,41702,2067,1,1,1,514,9100303,0,1,Memory_Buff_Defense_Skill,0
skipped,41703,2068,1,1,1,515,9100304,0,1,Memory_Buff_Defense_Skill,0
skipped,41704,2068,1,1,1,515,9100305,0,1,Memory_Buff_Defense_Skill,0
skipped,41705,2068,1,1,1,515,9100306,0,1,Memory_Buff_Defense_Skill,0
skipped,41706,2069,1,1,1,516,9100307,0,1,Memory_Buff_Defense_Skill,0
skipped,41707,2069,1,1,1,516,9100308,0,1,Memory_Buff_Defense_Skill,0
skipped,41708,2069,1,1,1,516,9100309,0,1,Memory_Buff_Defense_Skill,0
skipped,41709,2070,1,1,1,517,9100310,0,1,Memory_Buff_Defense_Skill,0
skipped,41710,2070,1,1,1,517,9100311,0,1,Memory_Buff_Defense_Skill,0
skipped,41711,2070,1,1,1,517,9100312,0,1,Memory_Buff_Defense_Skill,0
skipped,41712,2071,1,1,1,518,9100313,0,1,Memory_Buff_Defense_Skill,0
skipped,41713,2071,1,1,1,518,9100314,0,1,Memory_Buff_Defense_Skill,0
skipped,41714,2071,1,1,1,518,9100315,0,1,Memory_Buff_Defense_Skill,0
skipped,41715,2072,1,1,1,519,9100316,0,1,Memory_Buff_Defense_Skill,0
skipped,41716,2072,1,1,1,519,9100317,0,1,Memory_Buff_Defense_Skill,0
skipped,41717,2072,1,1,1,519,9100318,0,1,Memory_Buff_Defense_Skill,0
skipped,41718,2073,1,1,1,520,9100319,0,1,Memory_Buff_Defense_Skill,0
skipped,41719,2073,1,1,1,520,9100320,0,1,Memory_Buff_Defense_Skill,0
skipped,41720,2073,1,1,1,520,9100321,0,1,Memory_Buff_Defense_Skill,0
skipped,41721,2074,1,1,1,521,9100322,0,1,Memory_Buff_Defense_Skill,0
skipped,41722,2074,1,1,1,521,9100323,0,1,Memory_Buff_Defense_Skill,0
skipped,41723,2074,1,1,1,521,9100324,0,1,Memory_Buff_Defense_Skill,0
skipped,41724,2075,1,1,1,522,9100325,0,1,Memory_Buff_Defense_Skill,0
skipped,41725,2075,1,1,1,522,9100326,0,1,Memory_Buff_Defense_Skill,0
skipped,41726,2075,1,1,1,522,9100327,0,1,Memory_Buff_Defense_Skill,0
skipped,41727,2076,1,1,1,523,9100328,0,1,Memory_Buff_Defense_Skill,0
skipped,41728,2076,1,1,1,523,9100329,0,1,Memory_Buff_Defense_Skill,0
skipped,41729,2076,1,1,1,523,9100330,0,1,Memory_Buff_Defense_Skill,0
skipped,41730,2077,1,1,1,524,9100331,0,1,Memory_Buff_Defense_Skill,0
skipped,41731,2077,1,1,1,524,9100332,0,1,Memory_Buff_Defense_Skill,0
skipped,41732,2077,1,1,1,524,9100333,0,1,Memory_Buff_Defense_Skill,0
skipped,41733,2078,1,1,1,525,9100334,0,1,Memory_Buff_Defense_Skill,0
skipped,41734,2078,1,1,1,525,9100335,0,1,Memory_Buff_Defense_Skill,0
skipped,41735,2078,1,1,1,525,9100336,0,1,Memory_Buff_Defense_Skill,0
skipped,41736,2079,1,1,1,526,9100337,0,1,Memory_Buff_Defense_Skill,0
skipped,41737,2079,1,1,1,526,9100338,0,1,Memory_Buff_Defense_Skill,0
skipped,41738,2079,1,1,1,526,9100339,0,1,Memory_Buff_Defense_Skill,0
skipped,41739,2080,1,1,1,527,9100340,0,1,Memory_Buff_Defense_Skill,0
skipped,41740,2080,1,1,1,527,9100341,0,1,Memory_Buff_Defense_Skill,0
skipped,41741,2080,1,1,1,527,9100342,0,1,Memory_Buff_Defense_Skill,0
skipped,41742,2081,2,1,1,528,9100343,0,1,Memory_Buff_Defense_Skill,0
skipped,41743,2081,2,1,1,528,9100344,0,1,Memory_Buff_Defense_Skill,0
skipped,41744,2081,2,1,1,528,9100345,0,1,Memory_Buff_Defense_Skill,0
skipped,41745,2067,1,1,1,514,9100346,0,1,Memory_Buff_Defense_Skill,0
skipped,41746,2068,1,1,1,515,9100347,0,1,Memory_Buff_Defense_Skill,0
skipped,41747,2069,1,1,1,516,9100348,0,1,Memory_Buff_Defense_Skill,0
skipped,41748,2070,1,1,1,517,9100349,0,1,Memory_Buff_Defense_Skill,0
skipped,41749,2071,1,1,1,518,9100350,0,1,Memory_Buff_Defense_Skill,0
skipped,41750,2072,1,1,1,519,9100351,0,1,Memory_Buff_Defense_Skill,0
skipped,41751,2073,1,1,1,520,9100352,0,1,Memory_Buff_Defense_Skill,0
skipped,41752,2074,1,1,1,521,9100353,0,1,Memory_Buff_Defense_Skill,0
skipped,41753,2075,1,1,1,522,9100354,0,1,Memory_Buff_Defense_Skill,0
skipped,41754,2076,1,1,1,523,9100355,0,1,Memory_Buff_Defense_Skill,0
skipped,41755,2077,1,1,1,524,9100356,0,1,Memory_Buff_Defense_Skill,0
skipped,41756,2078,1,1,1,525,9100357,0,1,Memory_Buff_Defense_Skill,0
skipped,41757,2079,1,1,1,526,9100358,0,1,Memory_Buff_Defense_Skill,0
skipped,41758,2080,1,1,1,527,9100359,0,1,Memory_Buff_Defense_Skill,0
skipped,41759,2081,2,1,1,528,9100360,0,1,Memory_Buff_Defense_Skill,0
skipped,41900,2082,1,1,1,529,9100601,0,1,Memory_Buff_Support_Skill,0
skipped,41901,2082,1,1,1,529,9100602,0,1,Memory_Buff_Support_Skill,0
skipped,41902,2082,1,1,1,529,9100603,0,1,Memory_Buff_Support_Skill,0
skipped,41903,2083,1,1,1,530,9100604,0,1,Memory_Buff_Support_Skill,0
skipped,41904,2083,1,1,1,530,9100605,0,1,Memory_Buff_Support_Skill,0
skipped,41905,2083,1,1,1,530,9100606,0,1,Memory_Buff_Support_Skill,0
skipped,41906,2084,1,1,1,531,9100607,0,1,Memory_Buff_Support_Skill,0
skipped,41907,2084,1,1,1,531,9100608,0,1,Memory_Buff_Support_Skill,0
skipped,41908,2084,1,1,1,531,9100609,0,1,Memory_Buff_Support_Skill,0
skipped,41909,2085,1,1,1,532,9100610,0,1,Memory_Buff_Support_Skill,0
skipped,41910,2085,1,1,1,532,9100611,0,1,Memory_Buff_Support_Skill,0
skipped,41911,2085,1,1,1,532,9100612,0,1,Memory_Buff_Support_Skill,0
skipped,41912,2086,1,1,1,533,9100613,0,1,Memory_Buff_Support_Skill,0
skipped,41913,2086,1,1,1,533,9100614,0,1,Memory_Buff_Support_Skill,0
skipped,41914,2086,1,1,1,533,9100615,0,1,Memory_Buff_Support_Skill,0
skipped,41915,2087,1,1,1,534,9100616,0,1,Memory_Buff_Support_Skill,0
skipped,41916,2087,1,1,1,534,9100617,0,1,Memory_Buff_Support_Skill,0
skipped,41917,2087,1,1,1,534,9100618,0,1,Memory_Buff_Support_Skill,0
skipped,41918,2082,1,1,1,529,9100619,0,1,Memory_Buff_Support_Skill,0
skipped,41919,2083,1,1,1,530,9100620,0,1,Memory_Buff_Support_Skill,0
skipped,41920,2084,1,1,1,531,9100621,0,1,Memory_Buff_Support_Skill,0
skipped,41921,2085,1,1,1,532,9100622,0,1,Memory_Buff_Support_Skill,0
skipped,41922,2086,1,1,1,533,9100623,0,1,Memory_Buff_Support_Skill,0
skipped,41923,2087,1,1,1,534,9100624,0,1,Memory_Buff_Support_Skill,0
skipped,42502,2052,1,1,1,500,9010001,0,1,Memory_Buff_Attack_Skill,0
skipped,42505,2053,1,1,1,501,9010004,0,1,Memory_Buff_Attack_Skill,0
skipped,42508,2054,1,1,1,502,9010007,0,1,Memory_Buff_Attack_Skill,0
skipped,42511,2055,1,1,1,503,9010010,0,1,Memory_Buff_Attack_Skill,0
skipped,42514,2056,1,1,1,504,9010013,0,1,Memory_Buff_Attack_Skill,0
skipped,42517,2057,1,1,1,505,9010016,0,1,Memory_Buff_Attack_Skill,0
skipped,42520,2058,1,1,1,506,9010019,0,1,Memory_Buff_Attack_Skill,0
skipped,42523,2059,1,1,1,507,9010022,0,1,Memory_Buff_Attack_Skill,0
skipped,42526,2060,1,1,1,508,9010025,0,1,Memory_Buff_Attack_Skill,0
skipped,42529,2061,1,1,1,509,9010028,0,1,Memory_Buff_Attack_Skill,0
skipped,42532,2062,1,1,1,510,9010031,0,1,Memory_Buff_Attack_Skill,0
skipped,42535,2063,1,1,1,511,9010034,0,1,Memory_Buff_Attack_Skill,0
skipped,42538,2064,1,1,1,512,9010037,0,1,Memory_Buff_Attack_Skill,0
skipped,42541,2065,1,1,1,513,9010040,0,1,Memory_Buff_Attack_Skill,0
skipped,42702,2067,1,1,1,514,9010301,0,1,Memory_Buff_Defense_Skill,0
skipped,42705,2068,1,1,1,515,9010304,0,1,Memory_Buff_Defense_Skill,0
skipped,42708,2069,1,1,1,516,9010307,0,1,Memory_Buff_Defense_Skill,0
skipped,42711,2070,1,1,1,517,9010310,0,1,Memory_Buff_Defense_Skill,0
skipped,42714,2071,1,1,1,518,9010313,0,1,Memory_Buff_Defense_Skill,0
skipped,42717,2072,1,1,1,519,9010316,0,1,Memory_Buff_Defense_Skill,0
skipped,42720,2073,1,1,1,520,9010319,0,1,Memory_Buff_Defense_Skill,0
skipped,42723,2074,1,1,1,521,9010322,0,1,Memory_Buff_Defense_Skill,0
skipped,42726,2075,1,1,1,522,9010325,0,1,Memory_Buff_Defense_Skill,0
skipped,42729,2076,1,1,1,523,9010328,0,1,Memory_Buff_Defense_Skill,0
skipped,42732,2077,1,1,1,524,9010331,0,1,Memory_Buff_Defense_Skill,0
skipped,42735,2078,1,1,1,525,9010334,0,1,Memory_Buff_Defense_Skill,0
skipped,42738,2079,1,1,1,526,9010337,0,1,Memory_Buff_Defense_Skill,0
skipped,42741,2080,1,1,1,527,9010340,0,1,Memory_Buff_Defense_Skill,0
skipped,42744,2081,2,1,1,528,9010343,0,1,Memory_Buff_Defense_Skill,0
skipped,42902,2082,1,1,1,529,9010601,0,1,Memory_Buff_Support_Skill,0
skipped,42905,2083,1,1,1,530,9010604,0,1,Memory_Buff_Support_Skill,0
skipped,42908,2084,1,1,1,531,9010607,0,1,Memory_Buff_Support_Skill,0
skipped,42911,2085,1,1,1,532,9010610,0,1,Memory_Buff_Support_Skill,0
skipped,42914,2086,1,1,1,533,9010613,0,1,Memory_Buff_Support_Skill,0
skipped,42917,2087,1,1,1,534,9010616,0,1,Memory_Buff_Support_Skill,0
skipped,50209,3074,1,1,4,610,7109731,0,1,Buff06_Attack_Blue,0
skipped,64038,2043,1,1,4,429,7110931,0,1,Buff_SkillPowerUp,0
skipped,64039,4241,2,1,4,427,7111011,0,0,Debuff_Light,0
skipped,64040,4243,2,1,4,472,7111031,0,0,Debuff_Stun,0
skipped,64045,2132,2,1,4,790,7571431,0,0,Debuff_Freezing,0
skipped,64048,2132,2,1,4,791,7111531,0,0,Debuff_Stun,0
skipped,64091,2043,1,1,4,429,7591041,0,1,Buff_SkillPowerUp,0
skipped,64092,2044,2,1,4,465,7110731,0,0,Debuff_Stun,0
skipped,64093,2041,2,1,4,426,7572211,0,0,Debuff_Fire,0
skipped,64094,2045,2,1,4,467,7572231,0,0,Debuff_Stone,0
skipped,64095,5138,2,1,4,556,7591111,0,0,Debuff_Fire,0
skipped,64096,5139,2,1,4,557,7591121,0,0,Debuff_Fire,0
skipped,64097,5141,1,1,4,558,7591131,0,0,Buff_SkillPowerUp,0
skipped,64100,2046,1,2,4,746,7110921,0,0,Buff06_Attack_Red,0
skipped,64102,2043,1,1,4,429,7591041,0,1,Buff_SkillPowerUp,0
skipped,64104,3111,1,1,4,608,0,8002111,1,Buff06_Attack_Blue,0
skipped,64105,3109,1,2,4,309,0,8002121,0,,0
skipped,64106,3109,1,2,4,309,0,8002131,0,,0
skipped,64111,3113,1,1,4,629,0,8001911,1,Buff06_Attack_Green,0
skipped,64112,3112,1,2,4,316,0,8001821,0,,0
skipped,64113,3112,1,2,4,316,0,8001831,0,,0
skipped,64114,3115,1,1,4,606,0,8000711,1,Buff06_Attack_Red,0
skipped,64115,3114,1,2,4,315,0,8001721,0,,0
skipped,64116,3114,1,2,4,315,0,8001731,0,,0
skipped,64122,2041,2,1,4,426,7112521,0,0,Debuff_Fire,0
skipped,64124,2085,1,2,4,400,0,8001229,0,,0
skipped,64164,2043,1,1,4,429,6700131,0,1,Buff_SkillPowerUp,0
skipped,64175,2043,1,1,1,433,7105041,0,1,Buff_SkillPowerUp,0
skipped,64177,2066,2,1,4,426,7500011,0,0,Debuff_Fire,0
skipped,64178,2045,2,1,4,467,7113321,0,0,Debuff_Stone,0
skipped,64198,2101,1,1,1,448,6700331,0,1,Buff_SkillPowerUp_Sakuyamon,0
skipped,64225,2043,1,1,4,429,7700231,0,1,Buff_SkillPowerUp,0
skipped,64241,2108,1,1,1,447,7105141,0,1,Buff_SkillPowerUp,0
skipped,64243,2048,1,1,4,429,7900431,0,0,,0
skipped,64244,2046,1,1,4,466,7900441,0,1,Buff_Invincible,0
skipped,64275,2046,1,1,1,489,7200131,0,1,Buff_SkillPowerUp_KuzuhamonMikoMode,0
skipped,64276,2101,1,1,1,490,7200141,0,1,Buff_SkillPowerUp_Sakuyamon,0
skipped,64316,2066,2,1,4,491,7112931,0,0,Debuff_Fire,0
skipped,64317,2132,2,1,4,492,7112921,0,0,Debuff_Stun,0
skipped,64322,2139,1,1,1,855,6700531,0,0,,0
skipped,64323,2141,2,1,1,856,6700541,0,0,,0
skipped,64421,5226,1,1,1,857,7112731,0,0,,0
skipped,64434,2043,1,1,4,429,7700331,0,1,Buff_SkillPowerUp,0
skipped,64435,2098,2,1,1,858,7900341,0,0,,0
skipped,64437,2101,1,1,1,859,7900331,0,0,,0
skipped,64440,2044,2,1,4,465,7900741,0,0,Debuff_Stun,0
skipped,64441,2132,2,1,4,790,6701221,0,0,Debuff_Freezing,0
skipped,64442,2132,2,1,4,790,6701231,0,0,Debuff_Freezing,0
skipped,64445,2041,2,1,4,427,6701121,0,0,Debuff_Fire,0
skipped,64448,2101,1,1,1,855,7200231,0,0,,0
skipped,64449,2044,2,1,4,465,7200241,0,0,Debuff_Stun,0
skipped,64481,2066,2,1,1,856,7700511,0,0,,0
skipped,64482,2098,2,1,1,858,7700521,0,0,,0
skipped,64483,2101,1,1,1,855,7700531,0,0,,0
skipped,64502,2101,1,1,1,494,7700441,0,1,Buff_heal_ImperialdramonPaladinMode_Re,0
skipped,64503,2102,1,1,1,867,7700431,0,1,Buff_heal_ImperialdramonPaladinMode_Re,0
skipped,64504,2081,2,1,1,528,7900411,0,1,,0
skipped,64534,6052,1,1,1,489,7700631,0,1,Buff_heal_ImperialdramonPaladinMode_Re,0
skipped,64535,6053,1,1,1,495,7700641,0,1,Buff_heal_ImperialdramonPaladinMode_Re,0
skipped,64568,6058,1,1,4,466,7700731,0,1,Buff_Invincible,0
skipped,64569,6057,2,1,1,868,7700741,0,0,,0
skipped,64572,6059,2,1,4,790,7701711,0,0,Debuff_Freezing,0
skipped,64573,3082,1,1,1,869,7701731,0,0,,0
skipped,64574,3079,1,1,1,870,7701741,0,0,,0
skipped,64579,2041,2,1,4,6069,7701011,0,0,Debuff_Fire,0
skipped,64580,3082,1,1,1,6072,7701031,0,0,,0
skipped,64581,2041,2,1,4,6073,7701051,0,0,Debuff_Fire,0
skipped,64592,6082,2,1,1,872,7702021,0,0,,0
skipped,64593,6084,2,1,1,873,7702041,0,0,Debuff_Stun,0
skipped,64617,6091,2,1,1,873,7702141,0,0,Debuff_Stun,0
skipped,64624,6092,1,1,4,429,7900451,0,0,,0
skipped,64627,6104,2,1,4,874,7702211,0,0,,0
skipped,64628,6059,2,1,4,790,7700921,0,0,Debuff_Freezing,0
