From,To,FromFile,ToKnownFile
011d0110,011d0390,011d0110_FUN_011d0110.c,011d0390_FUN_011d0390.c
011d0390,011d0e20,011d0390_FUN_011d0390.c,011d0e20_FUN_011d0e20.c
011d0390,011d0fb0,011d0390_FUN_011d0390.c,011d0fb0_FUN_011d0fb0.c
011d12b0,011d14a0,011d12b0_FUN_011d12b0.c,011d14a0_FUN_011d14a0.c
011d12b0,011d14f0,011d12b0_FUN_011d12b0.c,011d14f0_FUN_011d14f0.c
011d12b0,011d1890,011d12b0_FUN_011d12b0.c,011d1890_FUN_011d1890.c
011d12b0,011d17c0,011d12b0_FUN_011d12b0.c,011d17c0_FUN_011d17c0.c
011d14a0,011d1890,011d14a0_FUN_011d14a0.c,011d1890_FUN_011d1890.c
011d14f0,011d1200,011d14f0_FUN_011d14f0.c,011d1200_FUN_011d1200.c
011d14f0,011d1a10,011d14f0_FUN_011d14f0.c,011d1a10_FUN_011d1a10.c
011d1b30,011d1c00,011d1b30_FUN_011d1b30.c,011d1c00_FUN_011d1c00.c
011d2710,011d1200,011d2710_FUN_011d2710.c,011d1200_FUN_011d1200.c
011d27f0,011d1c00,011d27f0_FUN_011d27f0.c,011d1c00_FUN_011d1c00.c
011d28b0,011d5350,011d28b0_FUN_011d28b0.c,011d5350_FUN_011d5350.c
011d28b0,011d5590,011d28b0_FUN_011d28b0.c,011d5590_FUN_011d5590.c
011d2a20,011d2b30,011d2a20_FUN_011d2a20.c,011d2b30_FUN_011d2b30.c
011d2a20,011d3690,011d2a20_FUN_011d2a20.c,011d3690_FUN_011d3690.c
011d2a20,011d3b00,011d2a20_FUN_011d2a20.c,011d3b00_FUN_011d3b00.c
011d2a20,011d30b0,011d2a20_FUN_011d2a20.c,011d30b0_FUN_011d30b0.c
011d2a20,011d4320,011d2a20_FUN_011d2a20.c,011d4320_FUN_011d4320.c
011d2a20,011d4bd0,011d2a20_FUN_011d2a20.c,011d4bd0_FUN_011d4bd0.c
011d2a20,011d50f0,011d2a20_FUN_011d2a20.c,011d50f0_FUN_011d50f0.c
011d2a20,011d5d40,011d2a20_FUN_011d2a20.c,011d5d40_FUN_011d5d40.c
011d2a20,011d5e00,011d2a20_FUN_011d2a20.c,011d5e00_FUN_011d5e00.c
011d3690,011d5940,011d3690_FUN_011d3690.c,011d5940_FUN_011d5940.c
011d50f0,011d12b0,011d50f0_FUN_011d50f0.c,011d12b0_FUN_011d12b0.c
011d5590,011d5f90,011d5590_FUN_011d5590.c,011d5f90_FUN_011d5f90.c
011d61d0,011d6580,011d61d0_FUN_011d61d0.c,011d6580_FUN_011d6580.c
011d61d0,011d65d0,011d61d0_FUN_011d61d0.c,011d65d0_FUN_011d65d0.c
011d6580,011d7de0,011d6580_FUN_011d6580.c,011d7de0_FUN_011d7de0.c
011d65d0,011d7cf0,011d65d0_FUN_011d65d0.c,011d7cf0_FUN_011d7cf0.c
011d8250,011d8ff0,011d8250_FUN_011d8250.c,011d8ff0_FUN_011d8ff0.c
011d82a0,011d8ff0,011d82a0_FUN_011d82a0.c,011d8ff0_FUN_011d8ff0.c
011d8320,011d8ff0,011d8320_FUN_011d8320.c,011d8ff0_FUN_011d8ff0.c
011d8320,011d8e30,011d8320_FUN_011d8320.c,011d8e30_FUN_011d8e30.c
011d86e0,011dab40,011d86e0_FUN_011d86e0.c,011dab40_FUN_011dab40.c
011d86e0,011d2710,011d86e0_FUN_011d86e0.c,011d2710_FUN_011d2710.c
011d8c20,011d82a0,011d8c20_FUN_011d8c20.c,011d82a0_FUN_011d82a0.c
011d93f0,011d9ce0,011d93f0_FUN_011d93f0.c,011d9ce0_FUN_011d9ce0.c
011d9440,011d9ce0,011d9440_FUN_011d9440.c,011d9ce0_FUN_011d9ce0.c
011d9440,011d9b80,011d9440_FUN_011d9440.c,011d9b80_FUN_011d9b80.c
011d9800,011dab40,011d9800_FUN_011d9800.c,011dab40_FUN_011dab40.c
011d9800,011d2710,011d9800_FUN_011d9800.c,011d2710_FUN_011d2710.c
011da000,011da100,011da000_FUN_011da000.c,011da100_FUN_011da100.c
011da000,011da150,011da000_FUN_011da000.c,011da150_FUN_011da150.c
011da100,011da8e0,011da100_FUN_011da100.c,011da8e0_FUN_011da8e0.c
011da150,011da4b0,011da150_FUN_011da150.c,011da4b0_FUN_011da4b0.c
011da150,011da5e0,011da150_FUN_011da150.c,011da5e0_FUN_011da5e0.c
011da506,011da4c0,011da506_caseD_1.c,
011dab40,011d1200,011dab40_FUN_011dab40.c,011d1200_FUN_011d1200.c
011dac40,011dad10,011dac40_FUN_011dac40.c,011dad10_FUN_011dad10.c
011dad40,011dcf20,011dad40_FUN_011dad40.c,011dcf20_FUN_011dcf20.c
011daec0,011daf90,011daec0_FUN_011daec0.c,011daf90_FUN_011daf90.c
011daec0,011db440,011daec0_FUN_011daec0.c,011db440_FUN_011db440.c
011daec0,011db840,011daec0_FUN_011daec0.c,011db840_FUN_011db840.c
011daec0,011dbca0,011daec0_FUN_011daec0.c,011dbca0_FUN_011dbca0.c
011daec0,011dc210,011daec0_FUN_011daec0.c,011dc210_FUN_011dc210.c
011daec0,011dc7f0,011daec0_FUN_011daec0.c,011dc7f0_FUN_011dc7f0.c
011daf90,011d62e0,011daf90_FUN_011daf90.c,011d62e0_FUN_011d62e0.c
011daf90,011d61d0,011daf90_FUN_011daf90.c,011d61d0_FUN_011d61d0.c
011daf90,011da000,011daf90_FUN_011daf90.c,011da000_FUN_011da000.c
011db440,011dd5b0,011db440_FUN_011db440.c,011dd5b0_FUN_011dd5b0.c
011db840,011dcbe0,011db840_FUN_011db840.c,011dcbe0_FUN_011dcbe0.c
011dbca0,011dd050,011dbca0_FUN_011dbca0.c,011dd050_FUN_011dd050.c
011dbca0,011dd1d0,011dbca0_FUN_011dbca0.c,011dd1d0_FUN_011dd1d0.c
011dd0a6,011dd060,011dd0a6_caseD_1.c,
011dd910,011de7d0,011dd910_FUN_011dd910.c,011de7d0_FUN_011de7d0.c
011ddac0,011ddc00,011ddac0_FUN_011ddac0.c,011ddc00_FUN_011ddc00.c
011ddac0,011ddc50,011ddac0_FUN_011ddac0.c,011ddc50_FUN_011ddc50.c
011ddac0,011de020,011ddac0_FUN_011ddac0.c,011de020_FUN_011de020.c
011ddac0,011de4a0,011ddac0_FUN_011ddac0.c,011de4a0_FUN_011de4a0.c
011ddc00,011ded80,011ddc00_FUN_011ddc00.c,011ded80_FUN_011ded80.c
011ddc50,011ded80,011ddc50_FUN_011ddc50.c,011ded80_FUN_011ded80.c
011de020,011df020,011de020_FUN_011de020.c,011df020_FUN_011df020.c
011de020,011ded80,011de020_FUN_011de020.c,011ded80_FUN_011ded80.c
011de020,011deb20,011de020_FUN_011de020.c,011deb20_FUN_011deb20.c
011de4a0,011ded80,011de4a0_FUN_011de4a0.c,011ded80_FUN_011ded80.c
011de4a0,011dec60,011de4a0_FUN_011de4a0.c,011dec60_FUN_011dec60.c
011def10,011def50,011def10_FUN_011def10.c,011def50_FUN_011def50.c
011df0d0,011df280,011df0d0_FUN_011df0d0.c,011df280_FUN_011df280.c
011df220,011dfa80,011df220_FUN_011df220.c,011dfa80_FUN_011dfa80.c
011df490,011df5d0,011df490_FUN_011df490.c,011df5d0_FUN_011df5d0.c
011df500,011df860,011df500_FUN_011df500.c,011df860_FUN_011df860.c
011df500,011dfa80,011df500_FUN_011df500.c,011dfa80_FUN_011dfa80.c
011dfa80,011df550,011dfa80_FUN_011dfa80.c,011df550_FUN_011df550.c
