Id,SealId,RequiredAmount,SequentialId,ASValue,ARValue,ATValue,BLValue,CTValue,DEValue,DSValue,EVValue,HPValue,HTValue,MSValue,WSValue
11657,130000,1,1,0,0,15,0,0,0,0,0,0,0,0,0
11658,130000,50,1,0,0,30,0,0,0,0,0,0,0,0,0
11659,130000,200,1,0,0,60,0,0,0,0,0,0,0,0,0
11660,130000,500,1,0,0,90,0,0,0,0,0,0,0,0,0
11661,130000,1000,1,0,0,120,0,0,0,0,0,0,0,0,0
11662,130000,3000,1,0,0,150,0,0,0,0,0,0,0,0,0
11663,130001,1,2,0,0,0,0,0,10,0,0,0,0,0,0
11664,130001,50,2,0,0,0,0,0,20,0,0,0,0,0,0
11665,130001,200,2,0,0,0,0,0,40,0,0,0,0,0,0
11666,130001,500,2,0,0,0,0,0,60,0,0,0,0,0,0
11667,130001,1000,2,0,0,0,0,0,80,0,0,0,0,0,0
11668,130001,3000,2,0,0,0,0,0,100,0,0,0,0,0,0
11669,130002,1,3,0,0,20,0,0,0,0,0,0,0,0,0
11670,130002,50,3,0,0,40,0,0,0,0,0,0,0,0,0
11671,130002,200,3,0,0,80,0,0,0,0,0,0,0,0,0
11672,130002,500,3,0,0,120,0,0,0,0,0,0,0,0,0
11673,130002,1000,3,0,0,160,0,0,0,0,0,0,0,0,0
11674,130002,3000,3,0,0,200,0,0,0,0,0,0,0,0,0
11675,130003,1,4,0,0,0,0,0,0,50,0,0,0,0,0
11676,130003,50,4,0,0,0,0,0,0,100,0,0,0,0,0
11677,130003,200,4,0,0,0,0,0,0,200,0,0,0,0,0
11678,130003,500,4,0,0,0,0,0,0,300,0,0,0,0,0
11679,130003,1000,4,0,0,0,0,0,0,400,0,0,0,0,0
11680,130003,3000,4,0,0,0,0,0,0,500,0,0,0,0,0
11681,130004,1,5,0,0,0,0,0,15,0,0,0,0,0,0
11682,130004,50,5,0,0,0,0,0,30,0,0,0,0,0,0
11683,130004,200,5,0,0,0,0,0,60,0,0,0,0,0,0
11684,130004,500,5,0,0,0,0,0,90,0,0,0,0,0,0
11685,130004,1000,5,0,0,0,0,0,120,0,0,0,0,0,0
11686,130004,3000,5,0,0,0,0,0,150,0,0,0,0,0,0
11687,130005,1,6,0,0,0,0,0,0,0,3000,0,0,0,0
11688,130005,50,6,0,0,0,0,0,0,0,6000,0,0,0,0
11689,130005,200,6,0,0,0,0,0,0,0,12000,0,0,0,0
11690,130005,500,6,0,0,0,0,0,0,0,18000,0,0,0,0
11691,130005,1000,6,0,0,0,0,0,0,0,24000,0,0,0,0
11692,130005,3000,6,0,0,0,0,0,0,0,30000,0,0,0,0
11693,130006,1,7,0,0,0,0,0,0,0,0,15,0,0,0
11694,130006,50,7,0,0,0,0,0,0,0,0,30,0,0,0
11695,130006,200,7,0,0,0,0,0,0,0,0,60,0,0,0
11696,130006,500,7,0,0,0,0,0,0,0,0,90,0,0,0
11697,130006,1000,7,0,0,0,0,0,0,0,0,120,0,0,0
11698,130006,3000,7,0,0,0,0,0,0,0,0,150,0,0,0
11699,130007,1,8,0,0,0,0,0,0,0,0,20,0,0,0
11700,130007,50,8,0,0,0,0,0,0,0,0,40,0,0,0
11701,130007,200,8,0,0,0,0,0,0,0,0,80,0,0,0
11702,130007,500,8,0,0,0,0,0,0,0,0,120,0,0,0
11703,130007,1000,8,0,0,0,0,0,0,0,0,160,0,0,0
11704,130007,3000,8,0,0,0,0,0,0,0,0,200,0,0,0
11705,130008,1,9,0,0,0,0,0,0,20,0,0,0,0,0
11706,130008,50,9,0,0,0,0,0,0,40,0,0,0,0,0
11707,130008,200,9,0,0,0,0,0,0,80,0,0,0,0,0
11708,130008,500,9,0,0,0,0,0,0,120,0,0,0,0,0
11709,130008,1000,9,0,0,0,0,0,0,160,0,0,0,0,0
11710,130008,3000,9,0,0,0,0,0,0,200,0,0,0,0,0
11711,130009,1,10,0,0,0,0,0,0,0,0,0,10,0,0
11712,130009,50,10,0,0,0,0,0,0,0,0,0,20,0,0
11713,130009,200,10,0,0,0,0,0,0,0,0,0,40,0,0
11714,130009,500,10,0,0,0,0,0,0,0,0,0,60,0,0
11715,130009,1000,10,0,0,0,0,0,0,0,0,0,80,0,0
11716,130009,3000,10,0,0,0,0,0,0,0,0,0,100,0,0
11717,130010,1,11,0,0,0,2000,0,0,0,0,0,0,0,0
11718,130010,50,11,0,0,0,4000,0,0,0,0,0,0,0,0
11719,130010,200,11,0,0,0,8000,0,0,0,0,0,0,0,0
11720,130010,500,11,0,0,0,12000,0,0,0,0,0,0,0,0
11721,130010,1000,11,0,0,0,16000,0,0,0,0,0,0,0,0
11722,130010,3000,11,0,0,0,20000,0,0,0,0,0,0,0,0
11723,130011,1,12,0,0,0,0,1500,0,0,0,0,0,0,0
11724,130011,50,12,0,0,0,0,3000,0,0,0,0,0,0,0
11725,130011,200,12,0,0,0,0,6000,0,0,0,0,0,0,0
11726,130011,500,12,0,0,0,0,9000,0,0,0,0,0,0,0
11727,130011,1000,12,0,0,0,0,12000,0,0,0,0,0,0,0
11728,130011,3000,12,0,0,0,0,15000,0,0,0,0,0,0,0
11729,130012,1,13,0,0,0,0,0,0,0,1000,0,0,0,0
11730,130012,50,13,0,0,0,0,0,0,0,2000,0,0,0,0
11731,130012,200,13,0,0,0,0,0,0,0,4000,0,0,0,0
11732,130012,500,13,0,0,0,0,0,0,0,6000,0,0,0,0
11733,130012,1000,13,0,0,0,0,0,0,0,8000,0,0,0,0
11734,130012,3000,13,0,0,0,0,0,0,0,10000,0,0,0,0
11735,130013,1,14,0,0,0,0,0,0,30,0,0,0,0,0
11736,130013,50,14,0,0,0,0,0,0,60,0,0,0,0,0
11737,130013,200,14,0,0,0,0,0,0,120,0,0,0,0,0
11738,130013,500,14,0,0,0,0,0,0,180,0,0,0,0,0
11739,130013,1000,14,0,0,0,0,0,0,240,0,0,0,0,0
11740,130013,3000,14,0,0,0,0,0,0,300,0,0,0,0,0
11741,130014,1,15,0,0,0,0,0,0,0,0,0,20,0,0
11742,130014,50,15,0,0,0,0,0,0,0,0,0,40,0,0
11743,130014,200,15,0,0,0,0,0,0,0,0,0,80,0,0
11744,130014,500,15,0,0,0,0,0,0,0,0,0,120,0,0
11745,130014,1000,15,0,0,0,0,0,0,0,0,0,160,0,0
11746,130014,3000,15,0,0,0,0,0,0,0,0,0,200,0,0
11747,130015,1,16,0,0,0,1000,0,0,0,0,0,0,0,0
11748,130015,50,16,0,0,0,2000,0,0,0,0,0,0,0,0
11749,130015,200,16,0,0,0,4000,0,0,0,0,0,0,0,0
11750,130015,500,16,0,0,0,6000,0,0,0,0,0,0,0,0
11751,130015,1000,16,0,0,0,8000,0,0,0,0,0,0,0,0
11752,130015,3000,16,0,0,0,10000,0,0,0,0,0,0,0,0
11753,130016,1,17,0,0,15,0,0,0,0,0,0,0,0,0
11754,130016,50,17,0,0,30,0,0,0,0,0,0,0,0,0
11755,130016,200,17,0,0,60,0,0,0,0,0,0,0,0,0
11756,130016,500,17,0,0,90,0,0,0,0,0,0,0,0,0
11757,130016,1000,17,0,0,120,0,0,0,0,0,0,0,0,0
11758,130016,3000,17,0,0,150,0,0,0,0,0,0,0,0,0
11759,130017,1,18,0,0,25,0,0,0,0,0,0,0,0,0
11760,130017,50,18,0,0,50,0,0,0,0,0,0,0,0,0
11761,130017,200,18,0,0,100,0,0,0,0,0,0,0,0,0
11762,130017,500,18,0,0,150,0,0,0,0,0,0,0,0,0
11763,130017,1000,18,0,0,200,0,0,0,0,0,0,0,0,0
11764,130017,3000,18,0,0,250,0,0,0,0,0,0,0,0,0
11765,130018,1,19,0,0,30,0,0,0,0,0,0,0,0,0
11766,130018,50,19,0,0,60,0,0,0,0,0,0,0,0,0
11767,130018,200,19,0,0,120,0,0,0,0,0,0,0,0,0
11768,130018,500,19,0,0,180,0,0,0,0,0,0,0,0,0
11769,130018,1000,19,0,0,240,0,0,0,0,0,0,0,0,0
11770,130018,3000,19,0,0,300,0,0,0,0,0,0,0,0,0
11771,130019,1,20,0,0,30,0,0,0,0,0,0,0,0,0
11772,130019,50,20,0,0,60,0,0,0,0,0,0,0,0,0
11773,130019,200,20,0,0,120,0,0,0,0,0,0,0,0,0
11774,130019,500,20,0,0,180,0,0,0,0,0,0,0,0,0
11775,130019,1000,20,0,0,240,0,0,0,0,0,0,0,0,0
11776,130019,3000,20,0,0,300,0,0,0,0,0,0,0,0,0
11777,130020,1,21,0,0,0,0,0,0,0,0,50,0,0,0
11778,130020,50,21,0,0,0,0,0,0,0,0,100,0,0,0
11779,130020,200,21,0,0,0,0,0,0,0,0,200,0,0,0
11780,130020,500,21,0,0,0,0,0,0,0,0,300,0,0,0
11781,130020,1000,21,0,0,0,0,0,0,0,0,400,0,0,0
11782,130020,3000,21,0,0,0,0,0,0,0,0,500,0,0,0
11783,130021,1,22,0,0,0,0,0,0,60,0,0,0,0,0
11784,130021,50,22,0,0,0,0,0,0,120,0,0,0,0,0
11785,130021,200,22,0,0,0,0,0,0,240,0,0,0,0,0
11786,130021,500,22,0,0,0,0,0,0,360,0,0,0,0,0
11787,130021,1000,22,0,0,0,0,0,0,480,0,0,0,0,0
11788,130021,3000,22,0,0,0,0,0,0,600,0,0,0,0,0
11789,130022,1,23,0,0,0,0,0,0,0,0,15,0,0,0
11790,130022,50,23,0,0,0,0,0,0,0,0,30,0,0,0
11791,130022,200,23,0,0,0,0,0,0,0,0,60,0,0,0
11792,130022,500,23,0,0,0,0,0,0,0,0,90,0,0,0
11793,130022,1000,23,0,0,0,0,0,0,0,0,120,0,0,0
11794,130022,3000,23,0,0,0,0,0,0,0,0,150,0,0,0
11795,130023,1,24,0,0,0,0,0,0,10,0,0,0,0,0
11796,130023,50,24,0,0,0,0,0,0,20,0,0,0,0,0
11797,130023,200,24,0,0,0,0,0,0,40,0,0,0,0,0
11798,130023,500,24,0,0,0,0,0,0,60,0,0,0,0,0
11799,130023,1000,24,0,0,0,0,0,0,80,0,0,0,0,0
11800,130023,3000,24,0,0,0,0,0,0,100,0,0,0,0,0
11801,130024,1,25,0,0,0,0,0,8,0,0,0,0,0,0
11802,130024,50,25,0,0,0,0,0,16,0,0,0,0,0,0
11803,130024,200,25,0,0,0,0,0,32,0,0,0,0,0,0
11804,130024,500,25,0,0,0,0,0,48,0,0,0,0,0,0
11805,130024,1000,25,0,0,0,0,0,64,0,0,0,0,0,0
11806,130024,3000,25,0,0,0,0,0,80,0,0,0,0,0,0
11807,130025,1,26,0,0,0,0,1000,0,0,0,0,0,0,0
11808,130025,50,26,0,0,0,0,2000,0,0,0,0,0,0,0
11809,130025,200,26,0,0,0,0,4000,0,0,0,0,0,0,0
11810,130025,500,26,0,0,0,0,6000,0,0,0,0,0,0,0
11811,130025,1000,26,0,0,0,0,8000,0,0,0,0,0,0,0
11812,130025,3000,26,0,0,0,0,10000,0,0,0,0,0,0,0
11813,130026,1,27,0,0,10,0,0,0,0,0,0,0,0,0
11814,130026,50,27,0,0,20,0,0,0,0,0,0,0,0,0
11815,130026,200,27,0,0,40,0,0,0,0,0,0,0,0,0
11816,130026,500,27,0,0,60,0,0,0,0,0,0,0,0,0
11817,130026,1000,27,0,0,80,0,0,0,0,0,0,0,0,0
11818,130026,3000,27,0,0,100,0,0,0,0,0,0,0,0,0
11819,130027,1,28,0,0,0,0,0,10,0,0,0,0,0,0
11820,130027,50,28,0,0,0,0,0,20,0,0,0,0,0,0
11821,130027,200,28,0,0,0,0,0,40,0,0,0,0,0,0
11822,130027,500,28,0,0,0,0,0,60,0,0,0,0,0,0
11823,130027,1000,28,0,0,0,0,0,80,0,0,0,0,0,0
11824,130027,3000,28,0,0,0,0,0,100,0,0,0,0,0,0
11825,130028,1,29,0,0,0,0,0,0,0,0,15,0,0,0
11826,130028,50,29,0,0,0,0,0,0,0,0,30,0,0,0
11827,130028,200,29,0,0,0,0,0,0,0,0,60,0,0,0
11828,130028,500,29,0,0,0,0,0,0,0,0,90,0,0,0
11829,130028,1000,29,0,0,0,0,0,0,0,0,120,0,0,0
11830,130028,3000,29,0,0,0,0,0,0,0,0,150,0,0,0
11831,130029,1,30,0,0,0,0,0,0,20,0,0,0,0,0
11832,130029,50,30,0,0,0,0,0,0,40,0,0,0,0,0
11833,130029,200,30,0,0,0,0,0,0,80,0,0,0,0,0
11834,130029,500,30,0,0,0,0,0,0,120,0,0,0,0,0
11835,130029,1000,30,0,0,0,0,0,0,160,0,0,0,0,0
11836,130029,3000,30,0,0,0,0,0,0,200,0,0,0,0,0
11837,130030,1,31,0,0,0,0,0,0,0,0,0,10,0,0
11838,130030,50,31,0,0,0,0,0,0,0,0,0,20,0,0
11839,130030,200,31,0,0,0,0,0,0,0,0,0,40,0,0
11840,130030,500,31,0,0,0,0,0,0,0,0,0,60,0,0
11841,130030,1000,31,0,0,0,0,0,0,0,0,0,80,0,0
11842,130030,3000,31,0,0,0,0,0,0,0,0,0,100,0,0
11843,130031,1,32,0,0,0,0,1500,0,0,0,0,0,0,0
11844,130031,50,32,0,0,0,0,3000,0,0,0,0,0,0,0
11845,130031,200,32,0,0,0,0,6000,0,0,0,0,0,0,0
11846,130031,500,32,0,0,0,0,9000,0,0,0,0,0,0,0
11847,130031,1000,32,0,0,0,0,12000,0,0,0,0,0,0,0
11848,130031,3000,32,0,0,0,0,15000,0,0,0,0,0,0,0
11849,130032,1,33,0,0,0,0,0,0,0,1000,0,0,0,0
11850,130032,50,33,0,0,0,0,0,0,0,2000,0,0,0,0
11851,130032,200,33,0,0,0,0,0,0,0,4000,0,0,0,0
11852,130032,500,33,0,0,0,0,0,0,0,6000,0,0,0,0
11853,130032,1000,33,0,0,0,0,0,0,0,8000,0,0,0,0
11854,130032,3000,33,0,0,0,0,0,0,0,10000,0,0,0,0
11855,130033,1,34,0,0,0,1000,0,0,0,0,0,0,0,0
11856,130033,50,34,0,0,0,2000,0,0,0,0,0,0,0,0
11857,130033,200,34,0,0,0,4000,0,0,0,0,0,0,0,0
11858,130033,500,34,0,0,0,6000,0,0,0,0,0,0,0,0
11859,130033,1000,34,0,0,0,8000,0,0,0,0,0,0,0,0
11860,130033,3000,34,0,0,0,10000,0,0,0,0,0,0,0,0
11861,130034,1,35,0,0,15,0,0,0,0,0,0,0,0,0
11862,130034,50,35,0,0,30,0,0,0,0,0,0,0,0,0
11863,130034,200,35,0,0,60,0,0,0,0,0,0,0,0,0
11864,130034,500,35,0,0,90,0,0,0,0,0,0,0,0,0
11865,130034,1000,35,0,0,120,0,0,0,0,0,0,0,0,0
11866,130034,3000,35,0,0,150,0,0,0,0,0,0,0,0,0
11867,130035,1,36,0,0,0,0,0,10,0,0,0,0,0,0
11868,130035,50,36,0,0,0,0,0,20,0,0,0,0,0,0
11869,130035,200,36,0,0,0,0,0,40,0,0,0,0,0,0
11870,130035,500,36,0,0,0,0,0,60,0,0,0,0,0,0
11871,130035,1000,36,0,0,0,0,0,80,0,0,0,0,0,0
11872,130035,3000,36,0,0,0,0,0,100,0,0,0,0,0,0
11873,130036,1,37,0,0,0,0,0,0,0,0,15,0,0,0
11874,130036,50,37,0,0,0,0,0,0,0,0,30,0,0,0
11875,130036,200,37,0,0,0,0,0,0,0,0,60,0,0,0
11876,130036,500,37,0,0,0,0,0,0,0,0,90,0,0,0
11877,130036,1000,37,0,0,0,0,0,0,0,0,120,0,0,0
11878,130036,3000,37,0,0,0,0,0,0,0,0,150,0,0,0
11879,130037,1,38,0,0,0,0,2000,0,0,0,0,0,0,0
11880,130037,50,38,0,0,0,0,4000,0,0,0,0,0,0,0
11881,130037,200,38,0,0,0,0,8000,0,0,0,0,0,0,0
11882,130037,500,38,0,0,0,0,12000,0,0,0,0,0,0,0
11883,130037,1000,38,0,0,0,0,16000,0,0,0,0,0,0,0
11884,130037,3000,38,0,0,0,0,20000,0,0,0,0,0,0,0
11885,130038,1,39,0,0,0,0,0,0,0,2000,0,0,0,0
11886,130038,50,39,0,0,0,0,0,0,0,4000,0,0,0,0
11887,130038,200,39,0,0,0,0,0,0,0,8000,0,0,0,0
11888,130038,500,39,0,0,0,0,0,0,0,12000,0,0,0,0
11889,130038,1000,39,0,0,0,0,0,0,0,16000,0,0,0,0
11890,130038,3000,39,0,0,0,0,0,0,0,20000,0,0,0,0
11891,130039,1,40,0,0,0,1500,0,0,0,0,0,0,0,0
11892,130039,50,40,0,0,0,3000,0,0,0,0,0,0,0,0
11893,130039,200,40,0,0,0,6000,0,0,0,0,0,0,0,0
11894,130039,500,40,0,0,0,9000,0,0,0,0,0,0,0,0
11895,130039,1000,40,0,0,0,12000,0,0,0,0,0,0,0,0
11896,130039,3000,40,0,0,0,15000,0,0,0,0,0,0,0,0
11897,130040,1,41,0,0,20,0,0,0,0,0,0,0,0,0
11898,130040,50,41,0,0,40,0,0,0,0,0,0,0,0,0
11899,130040,200,41,0,0,80,0,0,0,0,0,0,0,0,0
11900,130040,500,41,0,0,120,0,0,0,0,0,0,0,0,0
11901,130040,1000,41,0,0,160,0,0,0,0,0,0,0,0,0
11902,130040,3000,41,0,0,200,0,0,0,0,0,0,0,0,0
11903,130041,1,42,0,0,0,0,0,15,0,0,0,0,0,0
11904,130041,50,42,0,0,0,0,0,30,0,0,0,0,0,0
11905,130041,200,42,0,0,0,0,0,60,0,0,0,0,0,0
11906,130041,500,42,0,0,0,0,0,90,0,0,0,0,0,0
11907,130041,1000,42,0,0,0,0,0,120,0,0,0,0,0,0
11908,130041,3000,42,0,0,0,0,0,150,0,0,0,0,0,0
11909,130042,1,43,0,0,0,0,0,0,0,0,20,0,0,0
11910,130042,50,43,0,0,0,0,0,0,0,0,40,0,0,0
11911,130042,200,43,0,0,0,0,0,0,0,0,80,0,0,0
11912,130042,500,43,0,0,0,0,0,0,0,0,120,0,0,0
11913,130042,1000,43,0,0,0,0,0,0,0,0,160,0,0,0
11914,130042,3000,43,0,0,0,0,0,0,0,0,200,0,0,0
11915,130043,1,44,0,0,0,0,0,0,30,0,0,0,0,0
11916,130043,50,44,0,0,0,0,0,0,60,0,0,0,0,0
11917,130043,200,44,0,0,0,0,0,0,120,0,0,0,0,0
11918,130043,500,44,0,0,0,0,0,0,180,0,0,0,0,0
11919,130043,1000,44,0,0,0,0,0,0,240,0,0,0,0,0
11920,130043,3000,44,0,0,0,0,0,0,300,0,0,0,0,0
11921,130044,1,45,0,0,0,0,0,0,0,0,0,20,0,0
11922,130044,50,45,0,0,0,0,0,0,0,0,0,40,0,0
11923,130044,200,45,0,0,0,0,0,0,0,0,0,80,0,0
11924,130044,500,45,0,0,0,0,0,0,0,0,0,120,0,0
11925,130044,1000,45,0,0,0,0,0,0,0,0,0,160,0,0
11926,130044,3000,45,0,0,0,0,0,0,0,0,0,200,0,0
11927,130045,1,46,0,0,0,0,2000,0,0,0,0,0,0,0
11928,130045,50,46,0,0,0,0,4000,0,0,0,0,0,0,0
11929,130045,200,46,0,0,0,0,8000,0,0,0,0,0,0,0
11930,130045,500,46,0,0,0,0,12000,0,0,0,0,0,0,0
11931,130045,1000,46,0,0,0,0,16000,0,0,0,0,0,0,0
11932,130045,3000,46,0,0,0,0,20000,0,0,0,0,0,0,0
11933,130046,1,47,0,0,0,0,0,0,0,2000,0,0,0,0
11934,130046,50,47,0,0,0,0,0,0,0,4000,0,0,0,0
11935,130046,200,47,0,0,0,0,0,0,0,8000,0,0,0,0
11936,130046,500,47,0,0,0,0,0,0,0,12000,0,0,0,0
11937,130046,1000,47,0,0,0,0,0,0,0,16000,0,0,0,0
11938,130046,3000,47,0,0,0,0,0,0,0,20000,0,0,0,0
11939,130047,1,48,0,0,0,1500,0,0,0,0,0,0,0,0
11940,130047,50,48,0,0,0,3000,0,0,0,0,0,0,0,0
11941,130047,200,48,0,0,0,6000,0,0,0,0,0,0,0,0
11942,130047,500,48,0,0,0,9000,0,0,0,0,0,0,0,0
11943,130047,1000,48,0,0,0,12000,0,0,0,0,0,0,0,0
11944,130047,3000,48,0,0,0,15000,0,0,0,0,0,0,0,0
11945,130048,1,49,0,0,20,0,0,0,0,0,0,0,0,0
11946,130048,50,49,0,0,40,0,0,0,0,0,0,0,0,0
11947,130048,200,49,0,0,80,0,0,0,0,0,0,0,0,0
11948,130048,500,49,0,0,120,0,0,0,0,0,0,0,0,0
11949,130048,1000,49,0,0,160,0,0,0,0,0,0,0,0,0
11950,130048,3000,49,0,0,200,0,0,0,0,0,0,0,0,0
11951,130049,1,50,0,0,0,0,0,15,0,0,0,0,0,0
11952,130049,50,50,0,0,0,0,0,30,0,0,0,0,0,0
11953,130049,200,50,0,0,0,0,0,60,0,0,0,0,0,0
11954,130049,500,50,0,0,0,0,0,90,0,0,0,0,0,0
11955,130049,1000,50,0,0,0,0,0,120,0,0,0,0,0,0
11956,130049,3000,50,0,0,0,0,0,150,0,0,0,0,0,0
11957,130050,1,51,0,0,0,0,0,0,0,0,20,0,0,0
11958,130050,50,51,0,0,0,0,0,0,0,0,40,0,0,0
11959,130050,200,51,0,0,0,0,0,0,0,0,80,0,0,0
11960,130050,500,51,0,0,0,0,0,0,0,0,120,0,0,0
11961,130050,1000,51,0,0,0,0,0,0,0,0,160,0,0,0
11962,130050,3000,51,0,0,0,0,0,0,0,0,200,0,0,0
11963,130051,1,52,0,0,0,0,0,20,0,0,0,0,0,0
11964,130051,50,52,0,0,0,0,0,40,0,0,0,0,0,0
11965,130051,200,52,0,0,0,0,0,80,0,0,0,0,0,0
11966,130051,500,52,0,0,0,0,0,120,0,0,0,0,0,0
11967,130051,1000,52,0,0,0,0,0,160,0,0,0,0,0,0
11968,130051,3000,52,0,0,0,0,0,200,0,0,0,0,0,0
11969,130052,1,53,0,0,0,0,0,0,0,0,25,0,0,0
11970,130052,50,53,0,0,0,0,0,0,0,0,50,0,0,0
11971,130052,200,53,0,0,0,0,0,0,0,0,100,0,0,0
11972,130052,500,53,0,0,0,0,0,0,0,0,150,0,0,0
11973,130052,1000,53,0,0,0,0,0,0,0,0,200,0,0,0
11974,130052,3000,53,0,0,0,0,0,0,0,0,250,0,0,0
11975,130053,1,54,0,0,0,0,0,0,40,0,0,0,0,0
11976,130053,50,54,0,0,0,0,0,0,80,0,0,0,0,0
11977,130053,200,54,0,0,0,0,0,0,160,0,0,0,0,0
11978,130053,500,54,0,0,0,0,0,0,240,0,0,0,0,0
11979,130053,1000,54,0,0,0,0,0,0,320,0,0,0,0,0
11980,130053,3000,54,0,0,0,0,0,0,400,0,0,0,0,0
11981,130054,1,55,0,0,0,0,0,0,0,0,0,30,0,0
11982,130054,50,55,0,0,0,0,0,0,0,0,0,60,0,0
11983,130054,200,55,0,0,0,0,0,0,0,0,0,120,0,0
11984,130054,500,55,0,0,0,0,0,0,0,0,0,180,0,0
11985,130054,1000,55,0,0,0,0,0,0,0,0,0,240,0,0
11986,130054,3000,55,0,0,0,0,0,0,0,0,0,300,0,0
11987,130055,1,56,0,0,0,0,2500,0,0,0,0,0,0,0
11988,130055,50,56,0,0,0,0,5000,0,0,0,0,0,0,0
11989,130055,200,56,0,0,0,0,10000,0,0,0,0,0,0,0
11990,130055,500,56,0,0,0,0,15000,0,0,0,0,0,0,0
11991,130055,1000,56,0,0,0,0,20000,0,0,0,0,0,0,0
11992,130055,3000,56,0,0,0,0,25000,0,0,0,0,0,0,0
11993,130056,1,57,0,0,0,0,0,0,0,3000,0,0,0,0
11994,130056,50,57,0,0,0,0,0,0,0,6000,0,0,0,0
11995,130056,200,57,0,0,0,0,0,0,0,12000,0,0,0,0
11996,130056,500,57,0,0,0,0,0,0,0,18000,0,0,0,0
11997,130056,1000,57,0,0,0,0,0,0,0,24000,0,0,0,0
11998,130056,3000,57,0,0,0,0,0,0,0,30000,0,0,0,0
11999,130057,1,58,0,0,0,2000,0,0,0,0,0,0,0,0
12000,130057,50,58,0,0,0,4000,0,0,0,0,0,0,0,0
12001,130057,200,58,0,0,0,8000,0,0,0,0,0,0,0,0
12002,130057,500,58,0,0,0,12000,0,0,0,0,0,0,0,0
12003,130057,1000,58,0,0,0,16000,0,0,0,0,0,0,0,0
12004,130057,3000,58,0,0,0,20000,0,0,0,0,0,0,0,0
12005,130058,1,59,0,0,25,0,0,0,0,0,0,0,0,0
12006,130058,50,59,0,0,50,0,0,0,0,0,0,0,0,0
12007,130058,200,59,0,0,100,0,0,0,0,0,0,0,0,0
12008,130058,500,59,0,0,150,0,0,0,0,0,0,0,0,0
12009,130058,1000,59,0,0,200,0,0,0,0,0,0,0,0,0
12010,130058,3000,59,0,0,250,0,0,0,0,0,0,0,0,0
12011,130059,1,60,0,0,0,0,0,25,0,0,0,0,0,0
12012,130059,50,60,0,0,0,0,0,50,0,0,0,0,0,0
12013,130059,200,60,0,0,0,0,0,100,0,0,0,0,0,0
12014,130059,500,60,0,0,0,0,0,150,0,0,0,0,0,0
12015,130059,1000,60,0,0,0,0,0,200,0,0,0,0,0,0
12016,130059,3000,60,0,0,0,0,0,250,0,0,0,0,0,0
12017,130060,1,61,0,0,0,0,0,0,0,0,30,0,0,0
12018,130060,50,61,0,0,0,0,0,0,0,0,60,0,0,0
12019,130060,200,61,0,0,0,0,0,0,0,0,120,0,0,0
12020,130060,500,61,0,0,0,0,0,0,0,0,180,0,0,0
12021,130060,1000,61,0,0,0,0,0,0,0,0,240,0,0,0
12022,130060,3000,61,0,0,0,0,0,0,0,0,300,0,0,0
12023,130061,1,62,0,0,0,0,0,0,40,0,0,0,0,0
12024,130061,50,62,0,0,0,0,0,0,80,0,0,0,0,0
12025,130061,200,62,0,0,0,0,0,0,160,0,0,0,0,0
12026,130061,500,62,0,0,0,0,0,0,240,0,0,0,0,0
12027,130061,1000,62,0,0,0,0,0,0,320,0,0,0,0,0
12028,130061,3000,62,0,0,0,0,0,0,400,0,0,0,0,0
12029,130062,1,63,0,0,0,0,0,0,0,0,0,30,0,0
12030,130062,50,63,0,0,0,0,0,0,0,0,0,60,0,0
12031,130062,200,63,0,0,0,0,0,0,0,0,0,120,0,0
12032,130062,500,63,0,0,0,0,0,0,0,0,0,180,0,0
12033,130062,1000,63,0,0,0,0,0,0,0,0,0,240,0,0
12034,130062,3000,63,0,0,0,0,0,0,0,0,0,300,0,0
12035,130063,1,64,0,0,0,0,2500,0,0,0,0,0,0,0
12036,130063,50,64,0,0,0,0,5000,0,0,0,0,0,0,0
12037,130063,200,64,0,0,0,0,10000,0,0,0,0,0,0,0
12038,130063,500,64,0,0,0,0,15000,0,0,0,0,0,0,0
12039,130063,1000,64,0,0,0,0,20000,0,0,0,0,0,0,0
12040,130063,3000,64,0,0,0,0,25000,0,0,0,0,0,0,0
12041,130064,1,65,0,0,0,0,0,0,0,3000,0,0,0,0
12042,130064,50,65,0,0,0,0,0,0,0,6000,0,0,0,0
12043,130064,200,65,0,0,0,0,0,0,0,12000,0,0,0,0
12044,130064,500,65,0,0,0,0,0,0,0,18000,0,0,0,0
12045,130064,1000,65,0,0,0,0,0,0,0,24000,0,0,0,0
12046,130064,3000,65,0,0,0,0,0,0,0,30000,0,0,0,0
12047,130065,1,66,0,0,0,2000,0,0,0,0,0,0,0,0
12048,130065,50,66,0,0,0,4000,0,0,0,0,0,0,0,0
12049,130065,200,66,0,0,0,8000,0,0,0,0,0,0,0,0
12050,130065,500,66,0,0,0,12000,0,0,0,0,0,0,0,0
12051,130065,1000,66,0,0,0,16000,0,0,0,0,0,0,0,0
12052,130065,3000,66,0,0,0,20000,0,0,0,0,0,0,0,0
12053,130066,1,67,0,0,25,0,0,0,0,0,0,0,0,0
12054,130066,50,67,0,0,50,0,0,0,0,0,0,0,0,0
12055,130066,200,67,0,0,100,0,0,0,0,0,0,0,0,0
12056,130066,500,67,0,0,150,0,0,0,0,0,0,0,0,0
12057,130066,1000,67,0,0,200,0,0,0,0,0,0,0,0,0
12058,130066,3000,67,0,0,250,0,0,0,0,0,0,0,0,0
12059,130067,1,68,0,0,0,0,0,20,0,0,0,0,0,0
12060,130067,50,68,0,0,0,0,0,40,0,0,0,0,0,0
12061,130067,200,68,0,0,0,0,0,80,0,0,0,0,0,0
12062,130067,500,68,0,0,0,0,0,120,0,0,0,0,0,0
12063,130067,1000,68,0,0,0,0,0,160,0,0,0,0,0,0
12064,130067,3000,68,0,0,0,0,0,200,0,0,0,0,0,0
12065,130068,1,69,0,0,0,0,0,0,0,0,25,0,0,0
12066,130068,50,69,0,0,0,0,0,0,0,0,50,0,0,0
12067,130068,200,69,0,0,0,0,0,0,0,0,100,0,0,0
12068,130068,500,69,0,0,0,0,0,0,0,0,150,0,0,0
12069,130068,1000,69,0,0,0,0,0,0,0,0,200,0,0,0
12070,130068,3000,69,0,0,0,0,0,0,0,0,250,0,0,0
12071,130069,1,70,0,0,0,0,0,0,40,0,0,0,0,0
12072,130069,50,70,0,0,0,0,0,0,80,0,0,0,0,0
12073,130069,200,70,0,0,0,0,0,0,160,0,0,0,0,0
12074,130069,500,70,0,0,0,0,0,0,240,0,0,0,0,0
12075,130069,1000,70,0,0,0,0,0,0,320,0,0,0,0,0
12076,130069,3000,70,0,0,0,0,0,0,400,0,0,0,0,0
12077,130070,1,71,0,0,0,0,0,0,0,0,0,40,0,0
12078,130070,50,71,0,0,0,0,0,0,0,0,0,80,0,0
12079,130070,200,71,0,0,0,0,0,0,0,0,0,160,0,0
12080,130070,500,71,0,0,0,0,0,0,0,0,0,240,0,0
12081,130070,1000,71,0,0,0,0,0,0,0,0,0,320,0,0
12082,130070,3000,71,0,0,0,0,0,0,0,0,0,400,0,0
12083,130071,1,72,0,0,0,0,3000,0,0,0,0,0,0,0
12084,130071,50,72,0,0,0,0,6000,0,0,0,0,0,0,0
12085,130071,200,72,0,0,0,0,12000,0,0,0,0,0,0,0
12086,130071,500,72,0,0,0,0,18000,0,0,0,0,0,0,0
12087,130071,1000,72,0,0,0,0,24000,0,0,0,0,0,0,0
12088,130071,3000,72,0,0,0,0,30000,0,0,0,0,0,0,0
12089,130072,1,73,0,0,0,0,0,0,20,0,0,0,0,0
12090,130072,50,73,0,0,0,0,0,0,40,0,0,0,0,0
12091,130072,200,73,0,0,0,0,0,0,80,0,0,0,0,0
12092,130072,500,73,0,0,0,0,0,0,120,0,0,0,0,0
12093,130072,1000,73,0,0,0,0,0,0,160,0,0,0,0,0
12094,130072,3000,73,0,0,0,0,0,0,200,0,0,0,0,0
12095,130073,1,74,0,0,0,0,0,0,0,0,0,50,0,0
12096,130073,50,74,0,0,0,0,0,0,0,0,0,100,0,0
12097,130073,200,74,0,0,0,0,0,0,0,0,0,200,0,0
12098,130073,500,74,0,0,0,0,0,0,0,0,0,300,0,0
12099,130073,1000,74,0,0,0,0,0,0,0,0,0,400,0,0
12100,130073,3000,74,0,0,0,0,0,0,0,0,0,500,0,0
12101,130074,1,75,0,0,0,0,0,25,0,0,0,0,0,0
12102,130074,50,75,0,0,0,0,0,50,0,0,0,0,0,0
12103,130074,200,75,0,0,0,0,0,100,0,0,0,0,0,0
12104,130074,500,75,0,0,0,0,0,150,0,0,0,0,0,0
12105,130074,1000,75,0,0,0,0,0,200,0,0,0,0,0,0
12106,130074,3000,75,0,0,0,0,0,250,0,0,0,0,0,0
12107,130075,1,76,0,0,0,0,0,0,0,0,0,40,0,0
12108,130075,50,76,0,0,0,0,0,0,0,0,0,80,0,0
12109,130075,200,76,0,0,0,0,0,0,0,0,0,160,0,0
12110,130075,500,76,0,0,0,0,0,0,0,0,0,240,0,0
12111,130075,1000,76,0,0,0,0,0,0,0,0,0,320,0,0
12112,130075,3000,76,0,0,0,0,0,0,0,0,0,400,0,0
12113,130076,1,77,0,0,0,0,0,0,0,0,0,50,0,0
12114,130076,50,77,0,0,0,0,0,0,0,0,0,100,0,0
12115,130076,200,77,0,0,0,0,0,0,0,0,0,200,0,0
12116,130076,500,77,0,0,0,0,0,0,0,0,0,300,0,0
12117,130076,1000,77,0,0,0,0,0,0,0,0,0,400,0,0
12118,130076,3000,77,0,0,0,0,0,0,0,0,0,500,0,0
12119,130077,1,78,0,0,0,0,0,0,0,0,50,0,0,0
12120,130077,50,78,0,0,0,0,0,0,0,0,100,0,0,0
12121,130077,200,78,0,0,0,0,0,0,0,0,200,0,0,0
12122,130077,500,78,0,0,0,0,0,0,0,0,300,0,0,0
12123,130077,1000,78,0,0,0,0,0,0,0,0,400,0,0,0
12124,130077,3000,78,0,0,0,0,0,0,0,0,500,0,0,0
12125,130078,1,79,0,0,0,0,0,0,0,3500,0,0,0,0
12126,130078,50,79,0,0,0,0,0,0,0,7000,0,0,0,0
12127,130078,200,79,0,0,0,0,0,0,0,14000,0,0,0,0
12128,130078,500,79,0,0,0,0,0,0,0,21000,0,0,0,0
12129,130078,1000,79,0,0,0,0,0,0,0,28000,0,0,0,0
12130,130078,3000,79,0,0,0,0,0,0,0,35000,0,0,0,0
12131,130079,1,80,0,0,0,0,0,0,0,3500,0,0,0,0
12132,130079,50,80,0,0,0,0,0,0,0,7000,0,0,0,0
12133,130079,200,80,0,0,0,0,0,0,0,14000,0,0,0,0
12134,130079,500,80,0,0,0,0,0,0,0,21000,0,0,0,0
12135,130079,1000,80,0,0,0,0,0,0,0,28000,0,0,0,0
12136,130079,3000,80,0,0,0,0,0,0,0,35000,0,0,0,0
12137,130080,1,81,0,0,30,0,0,0,0,0,0,0,0,0
12138,130080,50,81,0,0,60,0,0,0,0,0,0,0,0,0
12139,130080,200,81,0,0,120,0,0,0,0,0,0,0,0,0
12140,130080,500,81,0,0,180,0,0,0,0,0,0,0,0,0
12141,130080,1000,81,0,0,240,0,0,0,0,0,0,0,0,0
12142,130080,3000,81,0,0,300,0,0,0,0,0,0,0,0,0
12143,130081,1,82,0,0,0,0,0,0,0,2000,0,0,0,0
12144,130081,50,82,0,0,0,0,0,0,0,4000,0,0,0,0
12145,130081,200,82,0,0,0,0,0,0,0,8000,0,0,0,0
12146,130081,500,82,0,0,0,0,0,0,0,12000,0,0,0,0
12147,130081,1000,82,0,0,0,0,0,0,0,16000,0,0,0,0
12148,130081,3000,82,0,0,0,0,0,0,0,20000,0,0,0,0
12149,130082,1,83,0,0,0,0,0,15,0,0,0,0,0,0
12150,130082,50,83,0,0,0,0,0,30,0,0,0,0,0,0
12151,130082,200,83,0,0,0,0,0,60,0,0,0,0,0,0
12152,130082,500,83,0,0,0,0,0,90,0,0,0,0,0,0
12153,130082,1000,83,0,0,0,0,0,120,0,0,0,0,0,0
12154,130082,3000,83,0,0,0,0,0,150,0,0,0,0,0,0
12155,130083,1,84,0,0,0,0,0,0,0,0,0,10,0,0
12156,130083,50,84,0,0,0,0,0,0,0,0,0,20,0,0
12157,130083,200,84,0,0,0,0,0,0,0,0,0,40,0,0
12158,130083,500,84,0,0,0,0,0,0,0,0,0,60,0,0
12159,130083,1000,84,0,0,0,0,0,0,0,0,0,80,0,0
12160,130083,3000,84,0,0,0,0,0,0,0,0,0,100,0,0
12161,130084,1,85,0,0,30,0,0,0,0,0,0,0,0,0
12162,130084,50,85,0,0,60,0,0,0,0,0,0,0,0,0
12163,130084,200,85,0,0,120,0,0,0,0,0,0,0,0,0
12164,130084,500,85,0,0,180,0,0,0,0,0,0,0,0,0
12165,130084,1000,85,0,0,240,0,0,0,0,0,0,0,0,0
12166,130084,3000,85,0,0,300,0,0,0,0,0,0,0,0,0
12167,130085,1,86,0,0,0,0,0,0,0,2000,0,0,0,0
12168,130085,50,86,0,0,0,0,0,0,0,4000,0,0,0,0
12169,130085,200,86,0,0,0,0,0,0,0,8000,0,0,0,0
12170,130085,500,86,0,0,0,0,0,0,0,12000,0,0,0,0
12171,130085,1000,86,0,0,0,0,0,0,0,16000,0,0,0,0
12172,130085,3000,86,0,0,0,0,0,0,0,20000,0,0,0,0
12173,130086,1,87,0,0,0,0,0,0,0,0,0,20,0,0
12174,130086,50,87,0,0,0,0,0,0,0,0,0,40,0,0
12175,130086,200,87,0,0,0,0,0,0,0,0,0,80,0,0
12176,130086,500,87,0,0,0,0,0,0,0,0,0,120,0,0
12177,130086,1000,87,0,0,0,0,0,0,0,0,0,160,0,0
12178,130086,3000,87,0,0,0,0,0,0,0,0,0,200,0,0
12179,130087,1,88,0,0,0,0,0,15,0,0,0,0,0,0
12180,130087,50,88,0,0,0,0,0,30,0,0,0,0,0,0
12181,130087,200,88,0,0,0,0,0,60,0,0,0,0,0,0
12182,130087,500,88,0,0,0,0,0,90,0,0,0,0,0,0
12183,130087,1000,88,0,0,0,0,0,120,0,0,0,0,0,0
12184,130087,3000,88,0,0,0,0,0,150,0,0,0,0,0,0
12185,130088,1,89,0,0,0,0,0,0,20,0,0,0,0,0
12186,130088,50,89,0,0,0,0,0,0,40,0,0,0,0,0
12187,130088,200,89,0,0,0,0,0,0,80,0,0,0,0,0
12188,130088,500,89,0,0,0,0,0,0,120,0,0,0,0,0
12189,130088,1000,89,0,0,0,0,0,0,160,0,0,0,0,0
12190,130088,3000,89,0,0,0,0,0,0,200,0,0,0,0,0
12191,130089,1,90,0,0,0,0,0,0,0,0,20,0,0,0
12192,130089,50,90,0,0,0,0,0,0,0,0,40,0,0,0
12193,130089,200,90,0,0,0,0,0,0,0,0,80,0,0,0
12194,130089,500,90,0,0,0,0,0,0,0,0,120,0,0,0
12195,130089,1000,90,0,0,0,0,0,0,0,0,160,0,0,0
12196,130089,3000,90,0,0,0,0,0,0,0,0,200,0,0,0
12197,130090,1,91,0,0,0,0,0,0,0,0,20,0,0,0
12198,130090,50,91,0,0,0,0,0,0,0,0,40,0,0,0
12199,130090,200,91,0,0,0,0,0,0,0,0,80,0,0,0
12200,130090,500,91,0,0,0,0,0,0,0,0,120,0,0,0
12201,130090,1000,91,0,0,0,0,0,0,0,0,160,0,0,0
12202,130090,3000,91,0,0,0,0,0,0,0,0,200,0,0,0
12203,130091,1,92,0,0,25,0,0,0,0,0,0,0,0,0
12204,130091,50,92,0,0,50,0,0,0,0,0,0,0,0,0
12205,130091,200,92,0,0,100,0,0,0,0,0,0,0,0,0
12206,130091,500,92,0,0,150,0,0,0,0,0,0,0,0,0
12207,130091,1000,92,0,0,200,0,0,0,0,0,0,0,0,0
12208,130091,3000,92,0,0,250,0,0,0,0,0,0,0,0,0
12209,130092,1,93,0,0,0,0,0,0,0,0,0,50,0,0
12210,130092,50,93,0,0,0,0,0,0,0,0,0,100,0,0
12211,130092,200,93,0,0,0,0,0,0,0,0,0,200,0,0
12212,130092,500,93,0,0,0,0,0,0,0,0,0,300,0,0
12213,130092,1000,93,0,0,0,0,0,0,0,0,0,400,0,0
12214,130092,3000,93,0,0,0,0,0,0,0,0,0,500,0,0
12215,130093,1,94,0,0,0,0,3500,0,0,0,0,0,0,0
12216,130093,50,94,0,0,0,0,7000,0,0,0,0,0,0,0
12217,130093,200,94,0,0,0,0,14000,0,0,0,0,0,0,0
12218,130093,500,94,0,0,0,0,21000,0,0,0,0,0,0,0
12219,130093,1000,94,0,0,0,0,28000,0,0,0,0,0,0,0
12220,130093,3000,94,0,0,0,0,35000,0,0,0,0,0,0,0
12221,130094,1,95,0,0,0,0,0,0,0,0,60,0,0,0
12222,130094,50,95,0,0,0,0,0,0,0,0,120,0,0,0
12223,130094,200,95,0,0,0,0,0,0,0,0,240,0,0,0
12224,130094,500,95,0,0,0,0,0,0,0,0,360,0,0,0
12225,130094,1000,95,0,0,0,0,0,0,0,0,480,0,0,0
12226,130094,3000,95,0,0,0,0,0,0,0,0,600,0,0,0
12227,130095,1,96,0,0,0,0,0,0,0,2000,0,0,0,0
12228,130095,50,96,0,0,0,0,0,0,0,4000,0,0,0,0
12229,130095,200,96,0,0,0,0,0,0,0,8000,0,0,0,0
12230,130095,500,96,0,0,0,0,0,0,0,12000,0,0,0,0
12231,130095,1000,96,0,0,0,0,0,0,0,16000,0,0,0,0
12232,130095,3000,96,0,0,0,0,0,0,0,20000,0,0,0,0
12233,130096,1,97,0,0,0,0,0,0,30,0,0,0,0,0
12234,130096,50,97,0,0,0,0,0,0,60,0,0,0,0,0
12235,130096,200,97,0,0,0,0,0,0,120,0,0,0,0,0
12236,130096,500,97,0,0,0,0,0,0,180,0,0,0,0,0
12237,130096,1000,97,0,0,0,0,0,0,240,0,0,0,0,0
12238,130096,3000,97,0,0,0,0,0,0,300,0,0,0,0,0
12239,130097,1,98,0,0,0,0,0,0,0,0,0,20,0,0
12240,130097,50,98,0,0,0,0,0,0,0,0,0,40,0,0
12241,130097,200,98,0,0,0,0,0,0,0,0,0,80,0,0
12242,130097,500,98,0,0,0,0,0,0,0,0,0,120,0,0
12243,130097,1000,98,0,0,0,0,0,0,0,0,0,160,0,0
12244,130097,3000,98,0,0,0,0,0,0,0,0,0,200,0,0
12245,130098,1,99,0,0,0,0,2000,0,0,0,0,0,0,0
12246,130098,50,99,0,0,0,0,4000,0,0,0,0,0,0,0
12247,130098,200,99,0,0,0,0,8000,0,0,0,0,0,0,0
12248,130098,500,99,0,0,0,0,12000,0,0,0,0,0,0,0
12249,130098,1000,99,0,0,0,0,16000,0,0,0,0,0,0,0
12250,130098,3000,99,0,0,0,0,20000,0,0,0,0,0,0,0
12251,130099,1,100,0,0,0,0,0,20,0,0,0,0,0,0
12252,130099,50,100,0,0,0,0,0,40,0,0,0,0,0,0
12253,130099,200,100,0,0,0,0,0,80,0,0,0,0,0,0
12254,130099,500,100,0,0,0,0,0,120,0,0,0,0,0,0
12255,130099,1000,100,0,0,0,0,0,160,0,0,0,0,0,0
12256,130099,3000,100,0,0,0,0,0,200,0,0,0,0,0,0
12257,130100,1,101,0,0,0,0,2500,0,0,0,0,0,0,0
12258,130100,50,101,0,0,0,0,5000,0,0,0,0,0,0,0
12259,130100,200,101,0,0,0,0,10000,0,0,0,0,0,0,0
12260,130100,500,101,0,0,0,0,15000,0,0,0,0,0,0,0
12261,130100,1000,101,0,0,0,0,20000,0,0,0,0,0,0,0
12262,130100,3000,101,0,0,0,0,25000,0,0,0,0,0,0,0
12263,130101,1,102,0,0,30,0,0,0,0,0,0,0,0,0
12264,130101,50,102,0,0,60,0,0,0,0,0,0,0,0,0
12265,130101,200,102,0,0,120,0,0,0,0,0,0,0,0,0
12266,130101,500,102,0,0,180,0,0,0,0,0,0,0,0,0
12267,130101,1000,102,0,0,240,0,0,0,0,0,0,0,0,0
12268,130101,3000,102,0,0,300,0,0,0,0,0,0,0,0,0
12269,130102,1,103,0,0,0,0,0,10,0,0,0,0,0,0
12270,130102,50,103,0,0,0,0,0,20,0,0,0,0,0,0
12271,130102,200,103,0,0,0,0,0,40,0,0,0,0,0,0
12272,130102,500,103,0,0,0,0,0,60,0,0,0,0,0,0
12273,130102,1000,103,0,0,0,0,0,80,0,0,0,0,0,0
12274,130102,3000,103,0,0,0,0,0,100,0,0,0,0,0,0
12275,130103,1,104,0,0,0,0,0,0,30,0,0,0,0,0
12276,130103,50,104,0,0,0,0,0,0,60,0,0,0,0,0
12277,130103,200,104,0,0,0,0,0,0,120,0,0,0,0,0
12278,130103,500,104,0,0,0,0,0,0,180,0,0,0,0,0
12279,130103,1000,104,0,0,0,0,0,0,240,0,0,0,0,0
12280,130103,3000,104,0,0,0,0,0,0,300,0,0,0,0,0
12281,130104,1,105,0,0,0,0,3500,0,0,0,0,0,0,0
12282,130104,50,105,0,0,0,0,7000,0,0,0,0,0,0,0
12283,130104,200,105,0,0,0,0,14000,0,0,0,0,0,0,0
12284,130104,500,105,0,0,0,0,21000,0,0,0,0,0,0,0
12285,130104,1000,105,0,0,0,0,28000,0,0,0,0,0,0,0
12286,130104,3000,105,0,0,0,0,35000,0,0,0,0,0,0,0
12287,130105,1,106,0,0,0,0,0,0,0,3500,0,0,0,0
12288,130105,50,106,0,0,0,0,0,0,0,7000,0,0,0,0
12289,130105,200,106,0,0,0,0,0,0,0,14000,0,0,0,0
12290,130105,500,106,0,0,0,0,0,0,0,21000,0,0,0,0
12291,130105,1000,106,0,0,0,0,0,0,0,28000,0,0,0,0
12292,130105,3000,106,0,0,0,0,0,0,0,35000,0,0,0,0
12293,130106,1,107,0,0,25,0,0,0,0,0,0,0,0,0
12294,130106,50,107,0,0,50,0,0,0,0,0,0,0,0,0
12295,130106,200,107,0,0,100,0,0,0,0,0,0,0,0,0
12296,130106,500,107,0,0,150,0,0,0,0,0,0,0,0,0
12297,130106,1000,107,0,0,200,0,0,0,0,0,0,0,0,0
12298,130106,3000,107,0,0,250,0,0,0,0,0,0,0,0,0
12299,130107,1,108,0,0,0,0,0,0,30,0,0,0,0,0
12300,130107,50,108,0,0,0,0,0,0,60,0,0,0,0,0
12301,130107,200,108,0,0,0,0,0,0,120,0,0,0,0,0
12302,130107,500,108,0,0,0,0,0,0,180,0,0,0,0,0
12303,130107,1000,108,0,0,0,0,0,0,240,0,0,0,0,0
12304,130107,3000,108,0,0,0,0,0,0,300,0,0,0,0,0
12305,130108,1,109,0,0,0,0,0,15,0,0,0,0,0,0
12306,130108,50,109,0,0,0,0,0,30,0,0,0,0,0,0
12307,130108,200,109,0,0,0,0,0,60,0,0,0,0,0,0
12308,130108,500,109,0,0,0,0,0,90,0,0,0,0,0,0
12309,130108,1000,109,0,0,0,0,0,120,0,0,0,0,0,0
12310,130108,3000,109,0,0,0,0,0,150,0,0,0,0,0,0
12311,130109,1,110,0,0,0,3500,0,0,0,0,0,0,0,0
12312,130109,50,110,0,0,0,7000,0,0,0,0,0,0,0,0
12313,130109,200,110,0,0,0,14000,0,0,0,0,0,0,0,0
12314,130109,500,110,0,0,0,21000,0,0,0,0,0,0,0,0
12315,130109,1000,110,0,0,0,28000,0,0,0,0,0,0,0,0
12316,130109,3000,110,0,0,0,35000,0,0,0,0,0,0,0,0
12317,130110,1,111,0,0,0,0,1500,0,0,0,0,0,0,0
12318,130110,50,111,0,0,0,0,3000,0,0,0,0,0,0,0
12319,130110,200,111,0,0,0,0,6000,0,0,0,0,0,0,0
12320,130110,500,111,0,0,0,0,9000,0,0,0,0,0,0,0
12321,130110,1000,111,0,0,0,0,12000,0,0,0,0,0,0,0
12322,130110,3000,111,0,0,0,0,15000,0,0,0,0,0,0,0
12323,130111,1,112,0,0,0,2000,0,0,0,0,0,0,0,0
12324,130111,50,112,0,0,0,4000,0,0,0,0,0,0,0,0
12325,130111,200,112,0,0,0,8000,0,0,0,0,0,0,0,0
12326,130111,500,112,0,0,0,12000,0,0,0,0,0,0,0,0
12327,130111,1000,112,0,0,0,16000,0,0,0,0,0,0,0,0
12328,130111,3000,112,0,0,0,20000,0,0,0,0,0,0,0,0
12329,130112,1,113,0,0,0,0,0,0,0,2000,0,0,0,0
12330,130112,50,113,0,0,0,0,0,0,0,4000,0,0,0,0
12331,130112,200,113,0,0,0,0,0,0,0,8000,0,0,0,0
12332,130112,500,113,0,0,0,0,0,0,0,12000,0,0,0,0
12333,130112,1000,113,0,0,0,0,0,0,0,16000,0,0,0,0
12334,130112,3000,113,0,0,0,0,0,0,0,20000,0,0,0,0
12335,130113,1,114,0,0,0,0,0,0,0,0,0,10,0,0
12336,130113,50,114,0,0,0,0,0,0,0,0,0,20,0,0
12337,130113,200,114,0,0,0,0,0,0,0,0,0,40,0,0
12338,130113,500,114,0,0,0,0,0,0,0,0,0,60,0,0
12339,130113,1000,114,0,0,0,0,0,0,0,0,0,80,0,0
12340,130113,3000,114,0,0,0,0,0,0,0,0,0,100,0,0
12341,130114,1,115,0,0,25,0,0,0,0,0,0,0,0,0
12342,130114,50,115,0,0,50,0,0,0,0,0,0,0,0,0
12343,130114,200,115,0,0,100,0,0,0,0,0,0,0,0,0
12344,130114,500,115,0,0,150,0,0,0,0,0,0,0,0,0
12345,130114,1000,115,0,0,200,0,0,0,0,0,0,0,0,0
12346,130114,3000,115,0,0,250,0,0,0,0,0,0,0,0,0
12347,130115,1,116,0,0,0,0,0,10,0,0,0,0,0,0
12348,130115,50,116,0,0,0,0,0,20,0,0,0,0,0,0
12349,130115,200,116,0,0,0,0,0,40,0,0,0,0,0,0
12350,130115,500,116,0,0,0,0,0,60,0,0,0,0,0,0
12351,130115,1000,116,0,0,0,0,0,80,0,0,0,0,0,0
12352,130115,3000,116,0,0,0,0,0,100,0,0,0,0,0,0
12353,130116,1,117,0,0,15,0,0,0,0,0,0,0,0,0
12354,130116,50,117,0,0,30,0,0,0,0,0,0,0,0,0
12355,130116,200,117,0,0,60,0,0,0,0,0,0,0,0,0
12356,130116,500,117,0,0,90,0,0,0,0,0,0,0,0,0
12357,130116,1000,117,0,0,120,0,0,0,0,0,0,0,0,0
12358,130116,3000,117,0,0,150,0,0,0,0,0,0,0,0,0
12359,130117,1,118,0,0,0,0,0,0,30,0,0,0,0,0
12360,130117,50,118,0,0,0,0,0,0,60,0,0,0,0,0
12361,130117,200,118,0,0,0,0,0,0,120,0,0,0,0,0
12362,130117,500,118,0,0,0,0,0,0,180,0,0,0,0,0
12363,130117,1000,118,0,0,0,0,0,0,240,0,0,0,0,0
12364,130117,3000,118,0,0,0,0,0,0,300,0,0,0,0,0
12365,130118,1,119,0,0,0,0,0,0,0,2000,0,0,0,0
12366,130118,50,119,0,0,0,0,0,0,0,4000,0,0,0,0
12367,130118,200,119,0,0,0,0,0,0,0,8000,0,0,0,0
12368,130118,500,119,0,0,0,0,0,0,0,12000,0,0,0,0
12369,130118,1000,119,0,0,0,0,0,0,0,16000,0,0,0,0
12370,130118,3000,119,0,0,0,0,0,0,0,20000,0,0,0,0
12371,130119,1,120,0,0,0,0,3000,0,0,0,0,0,0,0
12372,130119,50,120,0,0,0,0,6000,0,0,0,0,0,0,0
12373,130119,200,120,0,0,0,0,12000,0,0,0,0,0,0,0
12374,130119,500,120,0,0,0,0,18000,0,0,0,0,0,0,0
12375,130119,1000,120,0,0,0,0,24000,0,0,0,0,0,0,0
12376,130119,3000,120,0,0,0,0,30000,0,0,0,0,0,0,0
12377,130120,1,121,0,0,0,0,0,0,0,0,50,0,0,0
12378,130120,50,121,0,0,0,0,0,0,0,0,100,0,0,0
12379,130120,200,121,0,0,0,0,0,0,0,0,200,0,0,0
12380,130120,500,121,0,0,0,0,0,0,0,0,300,0,0,0
12381,130120,1000,121,0,0,0,0,0,0,0,0,400,0,0,0
12382,130120,3000,121,0,0,0,0,0,0,0,0,500,0,0,0
12383,130121,1,122,0,0,0,0,0,0,0,0,0,40,0,0
12384,130121,50,122,0,0,0,0,0,0,0,0,0,80,0,0
12385,130121,200,122,0,0,0,0,0,0,0,0,0,160,0,0
12386,130121,500,122,0,0,0,0,0,0,0,0,0,240,0,0
12387,130121,1000,122,0,0,0,0,0,0,0,0,0,320,0,0
12388,130121,3000,122,0,0,0,0,0,0,0,0,0,400,0,0
12389,130122,1,123,0,0,30,0,0,0,0,0,0,0,0,0
12390,130122,50,123,0,0,60,0,0,0,0,0,0,0,0,0
12391,130122,200,123,0,0,120,0,0,0,0,0,0,0,0,0
12392,130122,500,123,0,0,180,0,0,0,0,0,0,0,0,0
12393,130122,1000,123,0,0,240,0,0,0,0,0,0,0,0,0
12394,130122,3000,123,0,0,300,0,0,0,0,0,0,0,0,0
12395,130123,1,124,0,0,0,0,0,15,0,0,0,0,0,0
12396,130123,50,124,0,0,0,0,0,30,0,0,0,0,0,0
12397,130123,200,124,0,0,0,0,0,60,0,0,0,0,0,0
12398,130123,500,124,0,0,0,0,0,90,0,0,0,0,0,0
12399,130123,1000,124,0,0,0,0,0,120,0,0,0,0,0,0
12400,130123,3000,124,0,0,0,0,0,150,0,0,0,0,0,0
12401,130124,1,125,0,0,30,0,0,0,0,0,0,0,0,0
12402,130124,50,125,0,0,60,0,0,0,0,0,0,0,0,0
12403,130124,200,125,0,0,120,0,0,0,0,0,0,0,0,0
12404,130124,500,125,0,0,180,0,0,0,0,0,0,0,0,0
12405,130124,1000,125,0,0,240,0,0,0,0,0,0,0,0,0
12406,130124,3000,125,0,0,300,0,0,0,0,0,0,0,0,0
12407,130125,1,126,0,0,0,0,0,0,20,0,0,0,0,0
12408,130125,50,126,0,0,0,0,0,0,40,0,0,0,0,0
12409,130125,200,126,0,0,0,0,0,0,80,0,0,0,0,0
12410,130125,500,126,0,0,0,0,0,0,120,0,0,0,0,0
12411,130125,1000,126,0,0,0,0,0,0,160,0,0,0,0,0
12412,130125,3000,126,0,0,0,0,0,0,200,0,0,0,0,0
12413,130126,1,127,0,0,0,0,0,10,0,0,0,0,0,0
12414,130126,50,127,0,0,0,0,0,20,0,0,0,0,0,0
12415,130126,200,127,0,0,0,0,0,40,0,0,0,0,0,0
12416,130126,500,127,0,0,0,0,0,60,0,0,0,0,0,0
12417,130126,1000,127,0,0,0,0,0,80,0,0,0,0,0,0
12418,130126,3000,127,0,0,0,0,0,100,0,0,0,0,0,0
12419,130127,1,128,0,0,0,0,0,0,0,0,20,0,0,0
12420,130127,50,128,0,0,0,0,0,0,0,0,40,0,0,0
12421,130127,200,128,0,0,0,0,0,0,0,0,80,0,0,0
12422,130127,500,128,0,0,0,0,0,0,0,0,120,0,0,0
12423,130127,1000,128,0,0,0,0,0,0,0,0,160,0,0,0
12424,130127,3000,128,0,0,0,0,0,0,0,0,200,0,0,0
12425,130128,1,129,0,0,0,0,0,0,0,3000,0,0,0,0
12426,130128,50,129,0,0,0,0,0,0,0,6000,0,0,0,0
12427,130128,200,129,0,0,0,0,0,0,0,12000,0,0,0,0
12428,130128,500,129,0,0,0,0,0,0,0,18000,0,0,0,0
12429,130128,1000,129,0,0,0,0,0,0,0,24000,0,0,0,0
12430,130128,3000,129,0,0,0,0,0,0,0,30000,0,0,0,0
12431,130129,1,130,0,0,0,0,0,0,0,0,0,30,0,0
12432,130129,50,130,0,0,0,0,0,0,0,0,0,60,0,0
12433,130129,200,130,0,0,0,0,0,0,0,0,0,120,0,0
12434,130129,500,130,0,0,0,0,0,0,0,0,0,180,0,0
12435,130129,1000,130,0,0,0,0,0,0,0,0,0,240,0,0
12436,130129,3000,130,0,0,0,0,0,0,0,0,0,300,0,0
12437,130130,1,131,0,0,0,0,0,25,0,0,0,0,0,0
12438,130130,50,131,0,0,0,0,0,50,0,0,0,0,0,0
12439,130130,200,131,0,0,0,0,0,100,0,0,0,0,0,0
12440,130130,500,131,0,0,0,0,0,150,0,0,0,0,0,0
12441,130130,1000,131,0,0,0,0,0,200,0,0,0,0,0,0
12442,130130,3000,131,0,0,0,0,0,250,0,0,0,0,0,0
12443,130131,1,132,0,0,30,0,0,0,0,0,0,0,0,0
12444,130131,50,132,0,0,60,0,0,0,0,0,0,0,0,0
12445,130131,200,132,0,0,120,0,0,0,0,0,0,0,0,0
12446,130131,500,132,0,0,180,0,0,0,0,0,0,0,0,0
12447,130131,1000,132,0,0,240,0,0,0,0,0,0,0,0,0
12448,130131,3000,132,0,0,300,0,0,0,0,0,0,0,0,0
12449,130132,1,133,0,0,0,0,0,0,50,0,0,0,0,0
12450,130132,50,133,0,0,0,0,0,0,100,0,0,0,0,0
12451,130132,200,133,0,0,0,0,0,0,200,0,0,0,0,0
12452,130132,500,133,0,0,0,0,0,0,300,0,0,0,0,0
12453,130132,1000,133,0,0,0,0,0,0,400,0,0,0,0,0
12454,130132,3000,133,0,0,0,0,0,0,500,0,0,0,0,0
12455,130133,1,134,0,0,30,0,0,0,0,0,0,0,0,0
12456,130133,50,134,0,0,60,0,0,0,0,0,0,0,0,0
12457,130133,200,134,0,0,120,0,0,0,0,0,0,0,0,0
12458,130133,500,134,0,0,180,0,0,0,0,0,0,0,0,0
12459,130133,1000,134,0,0,240,0,0,0,0,0,0,0,0,0
12460,130133,3000,134,0,0,300,0,0,0,0,0,0,0,0,0
12461,130134,1,135,0,0,0,0,0,0,0,0,50,0,0,0
12462,130134,50,135,0,0,0,0,0,0,0,0,100,0,0,0
12463,130134,200,135,0,0,0,0,0,0,0,0,200,0,0,0
12464,130134,500,135,0,0,0,0,0,0,0,0,300,0,0,0
12465,130134,1000,135,0,0,0,0,0,0,0,0,400,0,0,0
12466,130134,3000,135,0,0,0,0,0,0,0,0,500,0,0,0
12467,130135,1,136,0,0,0,0,4000,0,0,0,0,0,0,0
12468,130135,50,136,0,0,0,0,8000,0,0,0,0,0,0,0
12469,130135,200,136,0,0,0,0,16000,0,0,0,0,0,0,0
12470,130135,500,136,0,0,0,0,24000,0,0,0,0,0,0,0
12471,130135,1000,136,0,0,0,0,32000,0,0,0,0,0,0,0
12472,130135,3000,136,0,0,0,0,40000,0,0,0,0,0,0,0
12473,130136,1,137,0,0,0,0,0,0,0,3500,0,0,0,0
12474,130136,50,137,0,0,0,0,0,0,0,7000,0,0,0,0
12475,130136,200,137,0,0,0,0,0,0,0,14000,0,0,0,0
12476,130136,500,137,0,0,0,0,0,0,0,21000,0,0,0,0
12477,130136,1000,137,0,0,0,0,0,0,0,28000,0,0,0,0
12478,130136,3000,137,0,0,0,0,0,0,0,35000,0,0,0,0
12479,130137,1,138,0,0,0,0,0,25,0,0,0,0,0,0
12480,130137,50,138,0,0,0,0,0,50,0,0,0,0,0,0
12481,130137,200,138,0,0,0,0,0,100,0,0,0,0,0,0
12482,130137,500,138,0,0,0,0,0,150,0,0,0,0,0,0
12483,130137,1000,138,0,0,0,0,0,200,0,0,0,0,0,0
12484,130137,3000,138,0,0,0,0,0,250,0,0,0,0,0,0
12485,130138,1,139,0,0,30,0,0,0,0,0,0,0,0,0
12486,130138,50,139,0,0,60,0,0,0,0,0,0,0,0,0
12487,130138,200,139,0,0,120,0,0,0,0,0,0,0,0,0
12488,130138,500,139,0,0,180,0,0,0,0,0,0,0,0,0
12489,130138,1000,139,0,0,240,0,0,0,0,0,0,0,0,0
12490,130138,3000,139,0,0,300,0,0,0,0,0,0,0,0,0
12491,130139,1,140,0,0,0,0,3000,0,0,0,0,0,0,0
12492,130139,50,140,0,0,0,0,6000,0,0,0,0,0,0,0
12493,130139,200,140,0,0,0,0,12000,0,0,0,0,0,0,0
12494,130139,500,140,0,0,0,0,18000,0,0,0,0,0,0,0
12495,130139,1000,140,0,0,0,0,24000,0,0,0,0,0,0,0
12496,130139,3000,140,0,0,0,0,30000,0,0,0,0,0,0,0
12497,130141,1,142,0,0,0,1000,0,0,0,0,0,0,0,0
12498,130141,50,142,0,0,0,2000,0,0,0,0,0,0,0,0
12499,130141,200,142,0,0,0,4000,0,0,0,0,0,0,0,0
12500,130141,500,142,0,0,0,6000,0,0,0,0,0,0,0,0
12501,130141,1000,142,0,0,0,8000,0,0,0,0,0,0,0,0
12502,130141,3000,142,0,0,0,10000,0,0,0,0,0,0,0,0
12503,130142,1,143,0,0,0,0,0,0,0,0,0,20,0,0
12504,130142,50,143,0,0,0,0,0,0,0,0,0,40,0,0
12505,130142,200,143,0,0,0,0,0,0,0,0,0,80,0,0
12506,130142,500,143,0,0,0,0,0,0,0,0,0,120,0,0
12507,130142,1000,143,0,0,0,0,0,0,0,0,0,160,0,0
12508,130142,3000,143,0,0,0,0,0,0,0,0,0,200,0,0
12509,130143,1,144,0,0,0,0,2500,0,0,0,0,0,0,0
12510,130143,50,144,0,0,0,0,5000,0,0,0,0,0,0,0
12511,130143,200,144,0,0,0,0,10000,0,0,0,0,0,0,0
12512,130143,500,144,0,0,0,0,15000,0,0,0,0,0,0,0
12513,130143,1000,144,0,0,0,0,20000,0,0,0,0,0,0,0
12514,130143,3000,144,0,0,0,0,25000,0,0,0,0,0,0,0
12515,130144,1,145,0,0,0,2500,0,0,0,0,0,0,0,0
12516,130144,50,145,0,0,0,5000,0,0,0,0,0,0,0,0
12517,130144,200,145,0,0,0,10000,0,0,0,0,0,0,0,0
12518,130144,500,145,0,0,0,15000,0,0,0,0,0,0,0,0
12519,130144,1000,145,0,0,0,20000,0,0,0,0,0,0,0,0
12520,130144,3000,145,0,0,0,25000,0,0,0,0,0,0,0,0
12521,130145,1,146,0,0,0,0,0,0,0,0,55,0,0,0
12522,130145,50,146,0,0,0,0,0,0,0,0,110,0,0,0
12523,130145,200,146,0,0,0,0,0,0,0,0,220,0,0,0
12524,130145,500,146,0,0,0,0,0,0,0,0,330,0,0,0
12525,130145,1000,146,0,0,0,0,0,0,0,0,440,0,0,0
12526,130145,3000,146,0,0,0,0,0,0,0,0,550,0,0,0
12527,130146,1,147,0,0,0,0,0,0,0,0,15,0,0,0
12528,130146,50,147,0,0,0,0,0,0,0,0,30,0,0,0
12529,130146,200,147,0,0,0,0,0,0,0,0,60,0,0,0
12530,130146,500,147,0,0,0,0,0,0,0,0,90,0,0,0
12531,130146,1000,147,0,0,0,0,0,0,0,0,120,0,0,0
12532,130146,3000,147,0,0,0,0,0,0,0,0,150,0,0,0
12533,130147,1,148,0,0,0,0,2000,0,0,0,0,0,0,0
12534,130147,50,148,0,0,0,0,4000,0,0,0,0,0,0,0
12535,130147,200,148,0,0,0,0,8000,0,0,0,0,0,0,0
12536,130147,500,148,0,0,0,0,12000,0,0,0,0,0,0,0
12537,130147,1000,148,0,0,0,0,16000,0,0,0,0,0,0,0
12538,130147,3000,148,0,0,0,0,20000,0,0,0,0,0,0,0
12539,130148,1,149,0,0,0,0,0,0,40,0,0,0,0,0
12540,130148,50,149,0,0,0,0,0,0,80,0,0,0,0,0
12541,130148,200,149,0,0,0,0,0,0,160,0,0,0,0,0
12542,130148,500,149,0,0,0,0,0,0,240,0,0,0,0,0
12543,130148,1000,149,0,0,0,0,0,0,320,0,0,0,0,0
12544,130148,3000,149,0,0,0,0,0,0,400,0,0,0,0,0
12545,130149,1,150,0,0,0,0,0,0,0,3500,0,0,0,0
12546,130149,50,150,0,0,0,0,0,0,0,7000,0,0,0,0
12547,130149,200,150,0,0,0,0,0,0,0,14000,0,0,0,0
12548,130149,500,150,0,0,0,0,0,0,0,21000,0,0,0,0
12549,130149,1000,150,0,0,0,0,0,0,0,28000,0,0,0,0
12550,130149,3000,150,0,0,0,0,0,0,0,35000,0,0,0,0
12551,130150,1,151,0,0,30,0,0,0,0,0,0,0,0,0
12552,130150,50,151,0,0,60,0,0,0,0,0,0,0,0,0
12553,130150,200,151,0,0,120,0,0,0,0,0,0,0,0,0
12554,130150,500,151,0,0,180,0,0,0,0,0,0,0,0,0
12555,130150,1000,151,0,0,240,0,0,0,0,0,0,0,0,0
12556,130150,3000,151,0,0,300,0,0,0,0,0,0,0,0,0
12557,130151,1,152,0,0,0,0,1500,0,0,0,0,0,0,0
12558,130151,50,152,0,0,0,0,3000,0,0,0,0,0,0,0
12559,130151,200,152,0,0,0,0,6000,0,0,0,0,0,0,0
12560,130151,500,152,0,0,0,0,9000,0,0,0,0,0,0,0
12561,130151,1000,152,0,0,0,0,12000,0,0,0,0,0,0,0
12562,130151,3000,152,0,0,0,0,15000,0,0,0,0,0,0,0
12563,130152,1,153,0,0,0,0,0,0,0,0,20,0,0,0
12564,130152,50,153,0,0,0,0,0,0,0,0,40,0,0,0
12565,130152,200,153,0,0,0,0,0,0,0,0,80,0,0,0
12566,130152,500,153,0,0,0,0,0,0,0,0,120,0,0,0
12567,130152,1000,153,0,0,0,0,0,0,0,0,160,0,0,0
12568,130152,3000,153,0,0,0,0,0,0,0,0,200,0,0,0
12569,130153,1,154,0,0,0,2000,0,0,0,0,0,0,0,0
12570,130153,50,154,0,0,0,4000,0,0,0,0,0,0,0,0
12571,130153,200,154,0,0,0,8000,0,0,0,0,0,0,0,0
12572,130153,500,154,0,0,0,12000,0,0,0,0,0,0,0,0
12573,130153,1000,154,0,0,0,16000,0,0,0,0,0,0,0,0
12574,130153,3000,154,0,0,0,20000,0,0,0,0,0,0,0,0
12575,130154,1,155,0,0,0,0,0,0,0,0,0,40,0,0
12576,130154,50,155,0,0,0,0,0,0,0,0,0,80,0,0
12577,130154,200,155,0,0,0,0,0,0,0,0,0,160,0,0
12578,130154,500,155,0,0,0,0,0,0,0,0,0,240,0,0
12579,130154,1000,155,0,0,0,0,0,0,0,0,0,320,0,0
12580,130154,3000,155,0,0,0,0,0,0,0,0,0,400,0,0
12581,130155,1,156,0,0,0,0,0,0,0,4000,0,0,0,0
12582,130155,50,156,0,0,0,0,0,0,0,8000,0,0,0,0
12583,130155,200,156,0,0,0,0,0,0,0,16000,0,0,0,0
12584,130155,500,156,0,0,0,0,0,0,0,24000,0,0,0,0
12585,130155,1000,156,0,0,0,0,0,0,0,32000,0,0,0,0
12586,130155,3000,156,0,0,0,0,0,0,0,40000,0,0,0,0
