"DeckId","DeckName","EntryIndex","Condition","AttackType","Option","OptionName","Value","Probability","Time","Reason"
"1036","Guardian of the Digital World","3","1","0","3","Increase critical hit damage","150","0","0","Legacy Digimon_Book.bin has ENCY_MAX_OPTION=3."
"1044","Justice Veiled in Darkness  ","3","1","0","8","Attack Amplification","15","0","0","Legacy Digimon_Book.bin has ENCY_MAX_OPTION=3."
"1045","Savior Who Protects Peace  ","3","1","0","10","Attack Increase","45","0","0","Legacy Digimon_Book.bin has ENCY_MAX_OPTION=3."
"1052","Guardians of the Digital World","3","1","0","3","Increase critical hit damage","170","0","0","Legacy Digimon_Book.bin has ENCY_MAX_OPTION=3."
"1053","Saviors Who Protect Peace","3","1","0","10","Attack Increase","60","0","0","Legacy Digimon_Book.bin has ENCY_MAX_OPTION=3."
"1056","Abnormal Status Occurred: Virus","3","1","0","2","Additional damage to skill","170","0","0","Legacy Digimon_Book.bin has ENCY_MAX_OPTION=3."
"1057","Fight against the Virus!","3","1","0","2","Additional damage to skill","170","0","0","Legacy Digimon_Book.bin has ENCY_MAX_OPTION=3."
"1060","Perfect data,
and data of unknown origin","3","1","0","2","Additional damage to skill","100","0","0","Legacy Digimon_Book.bin has ENCY_MAX_OPTION=3."
"1064","The Nullifiers","3","1","0","2","Additional damage to skill","140","0","0","Legacy Digimon_Book.bin has ENCY_MAX_OPTION=3."
