"Entry","OriginalFile","CopiedPath","Role","Status"
"0128c370","C:\0-NewDmo\unpacked_exe_all\functions\0128c370_FUN_0128c370.c","decompiled\Launcher\CreateEquipmentUpgradeSystemWindow.original.c","constructs EquipmentUpgradeSystem viewer","copied"
"0128ac10","C:\0-NewDmo\unpacked_exe_all\functions\0128ac10_FUN_0128ac10.c","decompiled\Launcher\CreateDataTradeDigimonUpgradeWindow.original.c","constructs DataTradeDigimonUpgrade related registered window","copied"
"01278ad0","C:\0-NewDmo\unpacked_exe_all\functions\01278ad0_FUN_01278ad0.c","decompiled\MainWindow\BuildUpgradeManagementWindow.original.c","builds Gerenciamento frame, close button, tabs, and child panels","copied"
"01278990","C:\0-NewDmo\unpacked_exe_all\functions\01278990_FUN_01278990.c","decompiled\MainWindow\AttachUpgradeViewerToParent.original.c","resolves parent viewer and registers events","copied"
"01279340","C:\0-NewDmo\unpacked_exe_all\functions\01279340_FUN_01279340.c","decompiled\MainWindow\UpdateUpgradeManagementMouseState.original.c","window input/update hit testing","copied"
"01279670","C:\0-NewDmo\unpacked_exe_all\functions\01279670_FUN_01279670.c","decompiled\MainWindow\BindUpgradeCloseButton.original.c","close button event binding","copied"
"01268580","C:\0-NewDmo\unpacked_exe_all\functions\01268580_FUN_01268580.c","decompiled\RestoreTab\CreateRestoreTabPanel.original.c","constructs restore panel","copied"
"01268980","C:\0-NewDmo\unpacked_exe_all\functions\01268980_FUN_01268980.c","decompiled\RestoreTab\InitializeRestoreTabPanel.original.c","initializes restore panel","copied"
"01268e20","C:\0-NewDmo\unpacked_exe_all\functions\01268e20_FUN_01268e20.c","decompiled\RestoreTab\BuildRestoreTabLayout.original.c","restore layout and button","copied"
"012696e0","C:\0-NewDmo\unpacked_exe_all\functions\012696e0_FUN_012696e0.c","decompiled\RestoreTab\BuildRestoreSlotAndGaugeControls.original.c","restore slot widgets and gauge pixels","copied"
"0126a270","C:\0-NewDmo\unpacked_exe_all\functions\0126a270_FUN_0126a270.c","decompiled\RestoreTab\BuildRestoreIconBackgrounds.original.c","restore icon backgrounds","copied"
"0126a6b0","C:\0-NewDmo\unpacked_exe_all\functions\0126a6b0_FUN_0126a6b0.c","decompiled\RestoreTab\RenderRestoreGradeText.original.c","restore grade text","copied"
"0126ae30","C:\0-NewDmo\unpacked_exe_all\functions\0126ae30_FUN_0126ae30.c","decompiled\RestoreTab\BuildRestoreGlowAndTargetSlot.original.c","restore glow and target slot","copied"
"0126b2e0","C:\0-NewDmo\unpacked_exe_all\functions\0126b2e0_FUN_0126b2e0.c","decompiled\RestoreTab\BuildRestoreUpgradeText.original.c","restore tab text","copied"
"0126b5b0","C:\0-NewDmo\unpacked_exe_all\functions\0126b5b0_FUN_0126b5b0.c","decompiled\RestoreTab\BuildRestoreResultEffect.original.c","restore success/fail effect","copied"
"0126b830","C:\0-NewDmo\unpacked_exe_all\functions\0126b830_FUN_0126b830.c","decompiled\RestoreTab\BuildRestoreConnectionLines.original.c","restore horizontal lines","copied"
"0126bd30","C:\0-NewDmo\unpacked_exe_all\functions\0126bd30_FUN_0126bd30.c","decompiled\RestoreTab\ResetRestoreSlotTexture.original.c","restore slot reset","copied"
"0126c420","C:\0-NewDmo\unpacked_exe_all\functions\0126c420_FUN_0126c420.c","decompiled\RestoreTab\ApplyRestoreSlotVisual.original.c","restore slot visual update","copied"
"0126c260","C:\0-NewDmo\unpacked_exe_all\functions\0126c260_FUN_0126c260.c","decompiled\RestoreTab\HandleRestoreResultMessage.original.c","restore result message and sound","copied"
"0126c670","C:\0-NewDmo\unpacked_exe_all\functions\0126c670_FUN_0126c670.c","decompiled\RestoreTab\PlayRestoreProcessSound.original.c","restore process sound","copied"
"0126c890","C:\0-NewDmo\unpacked_exe_all\functions\0126c890_FUN_0126c890.c","decompiled\RestoreTab\BindRestoreButtonHandler.original.c","restore button handler","copied"
"0126cb80","C:\0-NewDmo\unpacked_exe_all\functions\0126cb80_FUN_0126cb80.c","decompiled\TransferTab\CreateTransferTabPanel.original.c","constructs transfer panel","copied"
"0126cfc0","C:\0-NewDmo\unpacked_exe_all\functions\0126cfc0_FUN_0126cfc0.c","decompiled\TransferTab\InitializeTransferTabPanel.original.c","initializes transfer panel","copied"
"0126d080","C:\0-NewDmo\unpacked_exe_all\functions\0126d080_FUN_0126d080.c","decompiled\TransferTab\BuildTransferTabLayout.original.c","transfer layout","copied"
"0126ef40","C:\0-NewDmo\unpacked_exe_all\functions\0126ef40_FUN_0126ef40.c","decompiled\TransferTab\RenderTransferGradeText.original.c","transfer grade text","copied"
"01270110","C:\0-NewDmo\unpacked_exe_all\functions\01270110_FUN_01270110.c","decompiled\TransferTab\BuildTransferUpgradeText.original.c","transfer text","copied"
"012703e0","C:\0-NewDmo\unpacked_exe_all\functions\012703e0_FUN_012703e0.c","decompiled\TransferTab\BuildTransferResultEffect.original.c","transfer result effect","copied"
"01270660","C:\0-NewDmo\unpacked_exe_all\functions\01270660_FUN_01270660.c","decompiled\TransferTab\BuildTransferConnectionLines.original.c","transfer horizontal lines","copied"
"01270b90","C:\0-NewDmo\unpacked_exe_all\functions\01270b90_FUN_01270b90.c","decompiled\TransferTab\ResetTransferSlotTexture.original.c","transfer slot reset","copied"
"01271060","C:\0-NewDmo\unpacked_exe_all\functions\01271060_FUN_01271060.c","decompiled\TransferTab\HandleTransferResultMessage.original.c","transfer result message and sound","copied"
"012713a0","C:\0-NewDmo\unpacked_exe_all\functions\012713a0_FUN_012713a0.c","decompiled\TransferTab\ApplyTransferSlotVisual.original.c","transfer slot visual update","copied"
"01271aa0","C:\0-NewDmo\unpacked_exe_all\functions\01271aa0_FUN_01271aa0.c","decompiled\TransferTab\PlayTransferProcessSound.original.c","transfer process sound","copied"
"01271e80","C:\0-NewDmo\unpacked_exe_all\functions\01271e80_FUN_01271e80.c","decompiled\StrengthenTab\CreateStrengthenTabPanel.original.c","constructs strengthen panel","copied"
"01272200","C:\0-NewDmo\unpacked_exe_all\functions\01272200_FUN_01272200.c","decompiled\StrengthenTab\InitializeStrengthenTabPanel.original.c","initializes strengthen panel","copied"
"01272360","C:\0-NewDmo\unpacked_exe_all\functions\01272360_FUN_01272360.c","decompiled\StrengthenTab\BuildStrengthenTabLayout.original.c","strengthen layout","copied"
"012742c0","C:\0-NewDmo\unpacked_exe_all\functions\012742c0_FUN_012742c0.c","decompiled\StrengthenTab\RefreshStrengthenCostAndMaterials.original.c","strengthen cost/material refresh","copied"
"01275b40","C:\0-NewDmo\unpacked_exe_all\functions\01275b40_FUN_01275b40.c","decompiled\StrengthenTab\BuildStrengthenUpgradeText.original.c","strengthen text","copied"
"01275e30","C:\0-NewDmo\unpacked_exe_all\functions\01275e30_FUN_01275e30.c","decompiled\StrengthenTab\BuildStrengthenResultEffect.original.c","strengthen result effect","copied"
"01276140","C:\0-NewDmo\unpacked_exe_all\functions\01276140_FUN_01276140.c","decompiled\StrengthenTab\BuildStrengthenSlotNetwork.original.c","slot network matching screenshot","copied"
"012768e0","C:\0-NewDmo\unpacked_exe_all\functions\012768e0_FUN_012768e0.c","decompiled\StrengthenTab\PlayStrengthenProcessSound.original.c","strengthen process sound","copied"
"01276a00","C:\0-NewDmo\unpacked_exe_all\functions\01276a00_FUN_01276a00.c","decompiled\StrengthenTab\ResolveStrengthenMaterialCost.original.c","strengthen material cost lookup","copied"
"01276eb0","C:\0-NewDmo\unpacked_exe_all\functions\01276eb0_FUN_01276eb0.c","decompiled\StrengthenTab\ResetStrengthenSlotTexture.original.c","strengthen slot reset","copied"
"01277870","C:\0-NewDmo\unpacked_exe_all\functions\01277870_FUN_01277870.c","decompiled\StrengthenTab\HandleStrengthenResultMessage.original.c","strengthen result message and sound","copied"
"012787a0","C:\0-NewDmo\unpacked_exe_all\functions\012787a0_FUN_012787a0.c","decompiled\StrengthenTab\BindStrengthenButtonHandler.original.c","strengthen button handler","copied"
"012aee10","C:\0-NewDmo\unpacked_exe_all\functions\012aee10_FUN_012aee10.c","decompiled\ValidationAndPackets\HandleUpgradeErrorCode.original.c","upgrade error result text","copied"
"012af150","C:\0-NewDmo\unpacked_exe_all\functions\012af150_FUN_012af150.c","decompiled\ValidationAndPackets\HandleTransferErrorCode.original.c","transfer error result text","copied"
"012af440","C:\0-NewDmo\unpacked_exe_all\functions\012af440_FUN_012af440.c","decompiled\ValidationAndPackets\HandleRestoreErrorCode.original.c","restore error result text","copied"
"012b0060","C:\0-NewDmo\unpacked_exe_all\functions\012b0060_FUN_012b0060.c","decompiled\ValidationAndPackets\ValidateUpgradeMaxGrade.original.c","max grade validation","copied"
"012b1590","C:\0-NewDmo\unpacked_exe_all\functions\012b1590_FUN_012b1590.c","decompiled\ValidationAndPackets\ValidateTransferSourceAndGrade.original.c","transfer slot/grade validation","copied"
"012b1e10","C:\0-NewDmo\unpacked_exe_all\functions\012b1e10_FUN_012b1e10.c","decompiled\ValidationAndPackets\ResolveTransferOutputBoxAsset.original.c","transfer output box visual","copied"
"012b5c70","C:\0-NewDmo\unpacked_exe_all\functions\012b5c70_FUN_012b5c70.c","decompiled\ValidationAndPackets\ConfirmUpgradeDestroyRisk.original.c","destroy risk confirmation","copied"
"012b5fb0","C:\0-NewDmo\unpacked_exe_all\functions\012b5fb0_FUN_012b5fb0.c","decompiled\ValidationAndPackets\ValidateUpgradeMaterialsAndMoney.original.c","upgrade material and money validation","copied"
"012b6bf0","C:\0-NewDmo\unpacked_exe_all\functions\012b6bf0_FUN_012b6bf0.c","decompiled\ValidationAndPackets\ValidateRequiredItemCount.original.c","required item check","copied"
"012b7900","C:\0-NewDmo\unpacked_exe_all\functions\012b7900_FUN_012b7900.c","decompiled\ValidationAndPackets\ResolveUpgradeMoneyCost.original.c","money cost tuple helper","copied"
"012b5f30","C:\0-NewDmo\unpacked_exe_all\functions\012b5f30_FUN_012b5f30.c","decompiled\ValidationAndPackets\ResolveCurrentMoneyTuple.original.c","current money tuple helper","copied"
"015ec9e0","C:\0-NewDmo\unpacked_exe_all\functions\015ec9e0_FUN_015ec9e0.c","decompiled\Tables\LoadItemUpgradeTables.original.c","loads all DM_ItemUpgrade bins","copied"
"015eccc0","C:\0-NewDmo\unpacked_exe_all\functions\015eccc0_FUN_015eccc0.c","decompiled\Tables\LoadItemUpgradeDataTable.original.c","data table dispatcher","copied"
"015eb540","C:\0-NewDmo\unpacked_exe_all\functions\015eb540_FUN_015eb540.c","decompiled\Tables\ParseItemUpgradeDataGroups.original.c","data groups parser","copied"
"015ea9c0","C:\0-NewDmo\unpacked_exe_all\functions\015ea9c0_FUN_015ea9c0.c","decompiled\Tables\ParseItemUpgradeDataEntries.original.c","data entries parser","copied"
"015ecd40","C:\0-NewDmo\unpacked_exe_all\functions\015ecd40_FUN_015ecd40.c","decompiled\Tables\ParseItemUpgradeDataMaterialEntry.original.c","data material entry parser","copied"
"015ecca0","C:\0-NewDmo\unpacked_exe_all\functions\015ecca0_FUN_015ecca0.c","decompiled\Tables\LoadItemUpgradeEtcValueTable.original.c","etc value dispatcher","copied"
"015eacc0","C:\0-NewDmo\unpacked_exe_all\functions\015eacc0_FUN_015eacc0.c","decompiled\Tables\ParseItemUpgradeEtcValue.original.c","etc value parser","copied"
"015ecd20","C:\0-NewDmo\unpacked_exe_all\functions\015ecd20_FUN_015ecd20.c","decompiled\Tables\LoadItemUpgradeTransferTable.original.c","transfer table dispatcher","copied"
"015eb710","C:\0-NewDmo\unpacked_exe_all\functions\015eb710_FUN_015eb710.c","decompiled\Tables\ParseItemUpgradeTransferGroups.original.c","transfer groups parser","copied"
"015eb300","C:\0-NewDmo\unpacked_exe_all\functions\015eb300_FUN_015eb300.c","decompiled\Tables\ParseItemUpgradeTransferEntries.original.c","transfer entries parser","copied"
"015ed170","C:\0-NewDmo\unpacked_exe_all\functions\015ed170_FUN_015ed170.c","decompiled\Tables\ParseItemUpgradeTransferEntry.original.c","transfer entry parser","copied"
"015ecd00","C:\0-NewDmo\unpacked_exe_all\functions\015ecd00_FUN_015ecd00.c","decompiled\Tables\LoadItemUpgradeRestoreTable.original.c","restore table dispatcher","copied"
"015e9a60","C:\0-NewDmo\unpacked_exe_all\functions\015e9a60_FUN_015e9a60.c","decompiled\Tables\ParseItemUpgradeRestoreGroups.original.c","restore groups parser","copied"
"015eb0e0","C:\0-NewDmo\unpacked_exe_all\functions\015eb0e0_FUN_015eb0e0.c","decompiled\Tables\ParseItemUpgradeRestoreEntries.original.c","restore entries parser","copied"
"012b80c0","C:\0-NewDmo\unpacked_exe_all\functions\012b80c0_FUN_012b80c0.c","decompiled\Tables\ParseItemUpgradeRestoreEntry.original.c","restore entry parser","copied"
"015ecce0","C:\0-NewDmo\unpacked_exe_all\functions\015ecce0_FUN_015ecce0.c","decompiled\Tables\LoadItemUpgradeMaterialGroupTable.original.c","material group dispatcher","copied"
"015eae50","C:\0-NewDmo\unpacked_exe_all\functions\015eae50_FUN_015eae50.c","decompiled\Tables\ParseItemUpgradeMaterialGroups.original.c","material group parser","copied"
"015ec4f0","C:\0-NewDmo\unpacked_exe_all\functions\015ec4f0_FUN_015ec4f0.c","decompiled\Tables\GetItemUpgradeMaxGrade.original.c","max grade table helper","copied"
"015ec600","C:\0-NewDmo\unpacked_exe_all\functions\015ec600_FUN_015ec600.c","decompiled\Tables\FindItemUpgradeDataByGrade.original.c","upgrade data lookup","copied"
"015ec470","C:\0-NewDmo\unpacked_exe_all\functions\015ec470_FUN_015ec470.c","decompiled\Tables\ResolveItemUpgradeCostPair.original.c","cost pair helper","copied"
"015ec940","C:\0-NewDmo\unpacked_exe_all\functions\015ec940_FUN_015ec940.c","decompiled\Tables\BuildItemUpgradeMaterialList.original.c","material list helper","copied"
