"AssetPath","Address","Status","FromFunction","FromEntry","RefAddr","Note"
"CommonUI\CommonUI_close.tga","01ad3144","REQUIRED_ADJACENT_XREF","FUN_010b8ad0","010b8ad0","010b8bcb",""
"CommonUI\CommonUI_close.tga","01ad3144","REQUIRED_ADJACENT_XREF","FUN_010b93a0","010b93a0","010b9524",""
"CommonUI\CommonUI_close.tga","01ad3144","REQUIRED_ADJACENT_XREF","FUN_010c8fa0","010c8fa0","010c902a",""
"CommonUI\CommonUI_close.tga","01ad3144","REQUIRED_ADJACENT_XREF","FUN_010cd1d0","010cd1d0","010cd2e2",""
"CommonUI\CommonUI_close.tga","01ad3144","REQUIRED_ADJACENT_XREF","FUN_01101a40","01101a40","01101a97",""
"CommonUI\CommonUI_close.tga","01ad3144","REQUIRED_ADJACENT_XREF","FUN_01104810","01104810","0110482f",""
"CommonUI\CommonUI_close.tga","01ad3144","REQUIRED_ADJACENT_XREF","FUN_01105d10","01105d10","01105d2f",""
"CommonUI\CommonUI_close.tga","01ad3144","REQUIRED_ADJACENT_XREF","FUN_01106e10","01106e10","01106e2f",""
"CommonUI\CommonUI_close.tga","01ad3144","REQUIRED_ADJACENT_XREF","FUN_01107e10","01107e10","01107e67",""
"CommonUI\CommonUI_close.tga","01ad3144","REQUIRED_ADJACENT_XREF","FUN_01117420","01117420","011175ab",""
"CommonUI\CommonUI_close.tga","01ad3144","REQUIRED_ADJACENT_XREF","FUN_01117900","01117900","0111791f",""
"CommonUI\CommonUI_close.tga","01ad3144","REQUIRED_ADJACENT_XREF","FUN_0111d900","0111d900","0111da2a",""
"CommonUI\CommonUI_close.tga","01ad3144","REQUIRED_ADJACENT_XREF","FUN_01131340","01131340","0113146f",""
"CommonUI\CommonUI_close.tga","01ad3144","REQUIRED_ADJACENT_XREF","FUN_0113abe0","0113abe0","0113ad15",""
"CommonUI\CommonUI_close.tga","01ad3144","REQUIRED_ADJACENT_XREF","FUN_0115c5c0","0115c5c0","0115c77e",""
"CommonUI\CommonUI_close.tga","01ad3144","REQUIRED_ADJACENT_XREF","FUN_01160ef0","01160ef0","011610d9",""
"CommonUI\CommonUI_close.tga","01ad3144","REQUIRED_ADJACENT_XREF","FUN_01168420","01168420","011685d1",""
"CommonUI\CommonUI_close.tga","01ad3144","REQUIRED_ADJACENT_XREF","FUN_01197ae0","01197ae0","01197c1e",""
"CommonUI\CommonUI_close.tga","01ad3144","REQUIRED_ADJACENT_XREF","FUN_0119bae0","0119bae0","0119bb79",""
"CommonUI\CommonUI_close.tga","01ad3144","REQUIRED_ADJACENT_XREF","FUN_011b6e50","011b6e50","011b6f7f",""
"CommonUI\CommonUI_close.tga","01ad3144","REQUIRED_ADJACENT_XREF","FUN_011bfd60","011bfd60","011bfe80",""
"CommonUI\CommonUI_close.tga","01ad3144","REQUIRED_ADJACENT_XREF","FUN_011d14a0","011d14a0","011d14bf",""
"CommonUI\CommonUI_close.tga","01ad3144","REQUIRED_ADJACENT_XREF","FUN_011d6580","011d6580","011d659f",""
"CommonUI\CommonUI_close.tga","01ad3144","REQUIRED_ADJACENT_XREF","FUN_011d8250","011d8250","011d826b",""
"CommonUI\CommonUI_close.tga","01ad3144","REQUIRED_ADJACENT_XREF","FUN_011d93f0","011d93f0","011d940b",""
"CommonUI\CommonUI_close.tga","01ad3144","REQUIRED_ADJACENT_XREF","FUN_011da100","011da100","011da11f",""
"CommonUI\CommonUI_close.tga","01ad3144","REQUIRED_ADJACENT_XREF","FUN_011ddc00","011ddc00","011ddc1f",""
"CommonUI\CommonUI_close.tga","01ad3144","REQUIRED_ADJACENT_XREF","FUN_011e2560","011e2560","011e276b",""
"CommonUI\CommonUI_close.tga","01ad3144","REQUIRED_ADJACENT_XREF","FUN_011e44b0","011e44b0","011e46bc",""
"CommonUI\CommonUI_close.tga","01ad3144","REQUIRED_ADJACENT_XREF","FUN_011e6350","011e6350","011e636f",""
"CommonUI\CommonUI_close.tga","01ad3144","REQUIRED_ADJACENT_XREF","FUN_011e7730","011e7730","011e774b",""
"CommonUI\CommonUI_close.tga","01ad3144","REQUIRED_ADJACENT_XREF","FUN_011ed1e0","011ed1e0","011ed1ff",""
"CommonUI\CommonUI_close.tga","01ad3144","REQUIRED_ADJACENT_XREF","FUN_011fa5c0","011fa5c0","011fa6e0",""
"CommonUI\CommonUI_close.tga","01ad3144","REQUIRED_ADJACENT_XREF","FUN_01203cd0","01203cd0","01203ceb",""
"CommonUI\CommonUI_close.tga","01ad3144","REQUIRED_ADJACENT_XREF","FUN_0120bc60","0120bc60","0120bc7b",""
"CommonUI\CommonUI_close.tga","01ad3144","REQUIRED_ADJACENT_XREF","FUN_01212600","01212600","0121261b",""
"CommonUI\CommonUI_close.tga","01ad3144","REQUIRED_ADJACENT_XREF","FUN_01213c30","01213c30","01213c4b",""
"CommonUI\CommonUI_close.tga","01ad3144","REQUIRED_COPIED_XREF","FUN_01278ad0","01278ad0","01278c07",""
"CommonUI\CommonUI_close.tga","01ad3144","REQUIRED_ADJACENT_XREF","FUN_012b9480","012b9480","012b95b7",""
"CommonUI\CommonUI_close.tga","01ad3144","REQUIRED_ADJACENT_XREF","FUN_0133d6f0","0133d6f0","0133d96b",""
"CommonUI\CommonUI_close.tga","01ad3144","REQUIRED_ADJACENT_XREF","FUN_0134f9e0","0134f9e0","0134faf0",""
"CommonUI\Menu_tap_btn.tga","01ad7890","REQUIRED_ADJACENT_XREF","FUN_01195590","01195590","011955e3",""
"CommonUI\Menu_tap_btn.tga","01ad7890","REQUIRED_ADJACENT_XREF","FUN_011957e0","011957e0","0119583c",""
"CommonUI\Menu_tap_btn.tga","01ad7890","REQUIRED_COPIED_XREF","FUN_01278ad0","01278ad0","01278c3e",""
"CommonUI\Menu_tap_btn.tga","01ad7890","REQUIRED_COPIED_XREF","FUN_01278ad0","01278ad0","01278dda",""
"CommonUI\Menu_tap_btn.tga","01ad7890","REQUIRED_COPIED_XREF","FUN_01278ad0","01278ad0","01278f39",""
"CommonUI\Menu_tap_btn.tga","01ad7890","REQUIRED_ADJACENT_XREF","FUN_012b9480","012b9480","012b95ee",""
"CommonUI\Menu_tap_btn.tga","01ad7890","REQUIRED_ADJACENT_XREF","FUN_012b9480","012b9480","012b978a",""
"CommonUI\Menu_tap_btn.tga","01ad7890","REQUIRED_ADJACENT_XREF","FUN_012b9480","012b9480","012b98e9",""
"Control_G\Popup\N2Dlg_Line.tga","01ae8ad0","REQUIRED_COPIED_XREF","FUN_01268e20","01268e20","01268fd0",""
"Control_G\Popup\N2Dlg_Line.tga","01ae8ad0","REQUIRED_ADJACENT_XREF","FUN_013c06e0","013c06e0","013c0841",""
"Control_G\Popup\N2Dlg_Line.tga","01ae8ad0","REQUIRED_ADJACENT_XREF","FUN_013c06e0","013c06e0","013c086c",""
"Control_G\Popup\N2Dlg_Line.tga","01ae8ad0","REQUIRED_ADJACENT_XREF","FUN_0146fd50","0146fd50","0146ff7a",""
"Control_G\Popup\N2Dlg_Line.tga","01ae8ad0","REQUIRED_ADJACENT_XREF","FUN_0146fd50","0146fd50","0146ffa5",""
"EI_Item\Outbox_1.tga","01ad6ee8","REQUIRED_ADJACENT_XREF","FUN_010ebd40","010ebd40","010ebd8d",""
"EI_Item\Outbox_1.tga","01ad6ee8","REQUIRED_ADJACENT_XREF","FUN_010ebd40","010ebd40","010ebeec",""
"EI_Item\Outbox_1.tga","01ad6ee8","REQUIRED_ADJACENT_XREF","FUN_01102240","01102240","01102b1e",""
"EI_Item\Outbox_1.tga","01ad6ee8","REQUIRED_ADJACENT_XREF","FUN_01102240","01102240","01102b49",""
"EI_Item\Outbox_1.tga","01ad6ee8","REQUIRED_ADJACENT_XREF","FUN_01105d60","01105d60","01105e79",""
"EI_Item\Outbox_1.tga","01ad6ee8","REQUIRED_ADJACENT_XREF","FUN_01105d60","01105d60","01105e99",""
"EI_Item\Outbox_1.tga","01ad6ee8","REQUIRED_ADJACENT_XREF","FUN_01106e60","01106e60","01106fce",""
"EI_Item\Outbox_1.tga","01ad6ee8","REQUIRED_ADJACENT_XREF","FUN_01106e60","01106e60","01107005",""
"EI_Item\Outbox_1.tga","01ad6ee8","REQUIRED_ADJACENT_XREF","FUN_011085b0","011085b0","01108e9f",""
"EI_Item\Outbox_1.tga","01ad6ee8","REQUIRED_ADJACENT_XREF","FUN_011085b0","011085b0","01108eca",""
"EI_Item\Outbox_1.tga","01ad6ee8","REQUIRED_COPIED_XREF","FUN_012b1e10","012b1e10","012b1e87",""
"EI_Item\Outbox_2.tga","01aeb184","REQUIRED_COPIED_XREF","FUN_012b1e10","012b1e10","012b1e90",""
"EI_Item\Outbox_3.tga","01aeb1d0","REQUIRED_COPIED_XREF","FUN_012b1e10","012b1e10","012b1e99",""
"EI_Item\Outbox_4.tga","01aeb1b8","REQUIRED_COPIED_XREF","FUN_012b1e10","012b1e10","012b1ea2",""
"EI_Item\Outbox_5.tga","01ad8674","REQUIRED_ADJACENT_XREF","FUN_01105d60","01105d60","01105e5e",""
"EI_Item\Outbox_5.tga","01ad8674","REQUIRED_ADJACENT_XREF","FUN_01105d60","01105d60","01105e99",""
"EI_Item\Outbox_5.tga","01ad8674","REQUIRED_ADJACENT_XREF","FUN_01106e60","01106e60","01106fdb",""
"EI_Item\Outbox_5.tga","01ad8674","REQUIRED_ADJACENT_XREF","FUN_01106e60","01106e60","01107005",""
"EI_Item\Outbox_5.tga","01ad8674","REQUIRED_COPIED_XREF","FUN_012b1e10","012b1e10","012b1eab",""
"EquipSystem\ArrowBtn_Down.tga","01ae8cd0","ADDITIONAL_VISIBLE_NO_XREF","","","","no xref row found by targeted sweep"
"EquipSystem\ArrowBtn_Up.tga","01ae8cf0","ADDITIONAL_VISIBLE_NO_XREF","","","","no xref row found by targeted sweep"
"EquipSystem\glow_bg.tga","01ae8b2c","REQUIRED_COPIED_XREF","FUN_0126ae30","0126ae30","0126af11",""
"EquipSystem\glow_bg.tga","01ae8b2c","REQUIRED_COPIED_XREF","FUN_0126ae30","0126ae30","0126af39",""
"EquipSystem\Mail_List_Box_1.tga","01ae8a6c","REQUIRED_COPIED_XREF","FUN_01268e20","01268e20","01268fb4",""
"EquipSystem\Recharge_bg.tga","01ae8ed4","REQUIRED_COPIED_XREF","FUN_01278ad0","01278ad0","01278b5b",""
"EquipSystem\Recharge_bg.tga","01ae8ed4","REQUIRED_ADJACENT_XREF","FUN_012b9480","012b9480","012b950b",""
"EquipSystem\Recharge_gauge.tga","01aeaca4","EXCLUDED_ADJACENT_SYSTEM","FUN_012a3690","012a3690","012a3a7a",""
"EquipSystem\Recharge_slot.tga","01aeab5c","EXCLUDED_ADJACENT_SYSTEM","FUN_012a2a80","012a2a80","012a2cc0",""
"EquipSystem\Recharge_slot.tga","01aeab5c","EXCLUDED_ADJACENT_SYSTEM","FUN_012a2a80","012a2a80","012a2cee",""
"EquipSystem\Recharge_slot.tga","01aeab5c","EXCLUDED_ADJACENT_SYSTEM","FUN_012ab880","012ab880","012abaa8",""
"EquipSystem\Recharge_slot.tga","01aeab5c","EXCLUDED_ADJACENT_SYSTEM","FUN_012ab880","012ab880","012abad6",""
"EquipSystem\Recharge_slot.tga","01aeab5c","EXCLUDED_ADJACENT_SYSTEM","FUN_012abd00","012abd00","012abf3a",""
"EquipSystem\Recharge_slot.tga","01aeab5c","EXCLUDED_ADJACENT_SYSTEM","FUN_012abd00","012abd00","012abf68",""
"EquipSystem\Recharge_win.tga","01aeadac","EXCLUDED_ADJACENT_SYSTEM","FUN_012a79f0","012a79f0","012a7af3",""
"EquipSystem\Recharge_win.tga","01aeadac","EXCLUDED_ADJACENT_SYSTEM","FUN_012a79f0","012a79f0","012a7b24",""
"EquipSystem\Upgrade_Destroy_Effect.dds","01ae8bac","REQUIRED_COPIED_XREF","FUN_0126b5b0","0126b5b0","0126b7b7",""
"EquipSystem\Upgrade_Destroy_Effect.dds","01ae8bac","REQUIRED_COPIED_XREF","FUN_012703e0","012703e0","012705e7",""
"EquipSystem\Upgrade_Destroy_Effect.dds","01ae8bac","REQUIRED_COPIED_XREF","FUN_01275e30","01275e30","012760cf",""
"EquipSystem\Upgrade_Empty_Line.tga","01ae8b88","REQUIRED_COPIED_XREF","FUN_0126b830","0126b830","0126b8fd",""
"EquipSystem\Upgrade_Empty_Line.tga","01ae8b88","REQUIRED_COPIED_XREF","FUN_0126b830","0126b830","0126ba4e",""
"EquipSystem\Upgrade_Empty_Line.tga","01ae8b88","REQUIRED_COPIED_XREF","FUN_01270660","01270660","0127072d",""
"EquipSystem\Upgrade_Empty_Line.tga","01ae8b88","REQUIRED_COPIED_XREF","FUN_01270660","01270660","0127087e",""
"EquipSystem\Upgrade_Empty_Line.tga","01ae8b88","REQUIRED_COPIED_XREF","FUN_01276140","01276140","01276210",""
"EquipSystem\Upgrade_Empty_Line.tga","01ae8b88","REQUIRED_COPIED_XREF","FUN_01276140","01276140","01276364",""
"EquipSystem\Upgrade_Empty_Line.tga","01ae8b88","REQUIRED_COPIED_XREF","FUN_01276140","01276140","012764c8",""
"EquipSystem\Upgrade_Empty_Line.tga","01ae8b88","REQUIRED_COPIED_XREF","FUN_01276140","01276140","0127661c",""
"EquipSystem\Upgrade_Empty_Line.tga","01ae8b88","REQUIRED_COPIED_XREF","FUN_01276140","01276140","01276780",""
"EquipSystem\Upgrade_Fail_Effect.dds","01ae45e4","REQUIRED_ADJACENT_XREF","FUN_011f77b0","011f77b0","011f78fb",""
"EquipSystem\Upgrade_Fail_Effect.dds","01ae45e4","REQUIRED_ADJACENT_XREF","FUN_011f77b0","011f77b0","011f7905",""
"EquipSystem\Upgrade_Fail_Effect.dds","01ae45e4","REQUIRED_COPIED_XREF","FUN_01275e30","01275e30","01276022",""
"EquipSystem\Upgrade_IC_BG.tga","01ae8b0c","REQUIRED_COPIED_XREF","FUN_0126a270","0126a270","0126a3e7",""
"EquipSystem\Upgrade_IC_BG.tga","01ae8b0c","REQUIRED_COPIED_XREF","FUN_0126a270","0126a270","0126a415",""
"EquipSystem\Upgrade_Line_horizontal.tga","01ae8bec","REQUIRED_COPIED_XREF","FUN_0126b830","0126b830","0126bb06",""
"EquipSystem\Upgrade_Line_horizontal.tga","01ae8bec","REQUIRED_COPIED_XREF","FUN_0126b830","0126b830","0126bb1f",""
"EquipSystem\Upgrade_Line_horizontal.tga","01ae8bec","REQUIRED_COPIED_XREF","FUN_01270660","01270660","01270936",""
"EquipSystem\Upgrade_Line_horizontal.tga","01ae8bec","REQUIRED_COPIED_XREF","FUN_01270660","01270660","0127094f",""
"EquipSystem\Upgrade_Line_horizontal.tga","01ae8bec","REQUIRED_COPIED_XREF","FUN_01276140","01276140","0127684b",""
"EquipSystem\Upgrade_Line_horizontal.tga","01ae8bec","REQUIRED_COPIED_XREF","FUN_01276140","01276140","01276867",""
"EquipSystem\Upgrade_Line_horizontal.tga","01ae8bec","REQUIRED_COPIED_XREF","FUN_01276140","01276140","01276883",""
"EquipSystem\Upgrade_Line_horizontal.tga","01ae8bec","REQUIRED_COPIED_XREF","FUN_01276140","01276140","0127689f",""
"EquipSystem\Upgrade_Line_vertical.tga","01ae8dc4","REQUIRED_COPIED_XREF","FUN_01276140","01276140","012768bb",""
"EquipSystem\Upgrade_Progress_Effect.dds","01ae8b4c","REQUIRED_COPIED_XREF","FUN_0126b5b0","0126b5b0","0126b633",""
"EquipSystem\Upgrade_Progress_Effect.dds","01ae8b4c","REQUIRED_COPIED_XREF","FUN_012703e0","012703e0","01270463",""
"EquipSystem\Upgrade_Progress_Effect.dds","01ae8b4c","REQUIRED_COPIED_XREF","FUN_01275e30","01275e30","01275eb3",""
"EquipSystem\Upgrade_Slot.tga","01ae2c40","REQUIRED_ADJACENT_XREF","FUN_011d3b00","011d3b00","011d3dbe",""
"EquipSystem\Upgrade_Slot.tga","01ae2c40","REQUIRED_ADJACENT_XREF","FUN_011d3b00","011d3b00","011d3dec",""
"EquipSystem\Upgrade_Slot.tga","01ae2c40","REQUIRED_COPIED_XREF","FUN_012696e0","012696e0","01269927",""
"EquipSystem\Upgrade_Slot.tga","01ae2c40","REQUIRED_COPIED_XREF","FUN_012696e0","012696e0","01269952",""
"EquipSystem\Upgrade_Slot.tga","01ae2c40","REQUIRED_COPIED_XREF","FUN_012696e0","012696e0","01269aab",""
"EquipSystem\Upgrade_Slot.tga","01ae2c40","REQUIRED_COPIED_XREF","FUN_012696e0","012696e0","01269e9b",""
"EquipSystem\Upgrade_Slot.tga","01ae2c40","REQUIRED_COPIED_XREF","FUN_012696e0","012696e0","01269ec6",""
"EquipSystem\Upgrade_Slot.tga","01ae2c40","REQUIRED_COPIED_XREF","FUN_012696e0","012696e0","0126a025",""
"EquipSystem\Upgrade_Slot.tga","01ae2c40","REQUIRED_COPIED_XREF","FUN_0126ae30","0126ae30","0126b1b1",""
"EquipSystem\Upgrade_Slot.tga","01ae2c40","REQUIRED_COPIED_XREF","FUN_0126bd30","0126bd30","0126bd81",""
"EquipSystem\Upgrade_Slot.tga","01ae2c40","REQUIRED_COPIED_XREF","FUN_0126c420","0126c420","0126c54c",""
"EquipSystem\Upgrade_Slot.tga","01ae2c40","REQUIRED_COPIED_XREF","FUN_01270b90","01270b90","01270be1",""
"EquipSystem\Upgrade_Slot.tga","01ae2c40","REQUIRED_COPIED_XREF","FUN_012713a0","012713a0","01271487",""
"EquipSystem\Upgrade_Slot.tga","01ae2c40","REQUIRED_COPIED_XREF","FUN_01276eb0","01276eb0","01276f1f",""
"EquipSystem\Upgrade_Success_Effect.dds","01ae4608","REQUIRED_ADJACENT_XREF","FUN_011f77b0","011f77b0","011f78e3",""
"EquipSystem\Upgrade_Success_Effect.dds","01ae4608","REQUIRED_ADJACENT_XREF","FUN_011f77b0","011f77b0","011f7905",""
"EquipSystem\Upgrade_Success_Effect.dds","01ae4608","REQUIRED_COPIED_XREF","FUN_0126b5b0","0126b5b0","0126b6f5",""
"EquipSystem\Upgrade_Success_Effect.dds","01ae4608","REQUIRED_COPIED_XREF","FUN_012703e0","012703e0","01270525",""
"EquipSystem\Upgrade_Success_Effect.dds","01ae4608","REQUIRED_COPIED_XREF","FUN_01275e30","01275e30","01275f75",""
"game\Upgrade_Destory.wav","01ae8e28","REQUIRED_COPIED_XREF","FUN_01277870","01277870","01277a22",""
"game\Upgrade_Fail.wav","01ae4630","REQUIRED_ADJACENT_XREF","FUN_011f77b0","011f77b0","011f7a32",""
"game\Upgrade_Fail.wav","01ae4630","REQUIRED_COPIED_XREF","FUN_0126c260","0126c260","0126c2eb",""
"game\Upgrade_Fail.wav","01ae4630","REQUIRED_COPIED_XREF","FUN_01271060","01271060","012710e3",""
"game\Upgrade_Fail.wav","01ae4630","REQUIRED_COPIED_XREF","FUN_01277870","01277870","0127796f",""
"game\Upgrade_Process.wav","01ae8c14","REQUIRED_COPIED_XREF","FUN_0126c670","0126c670","0126c76e",""
"game\Upgrade_Process.wav","01ae8c14","REQUIRED_COPIED_XREF","FUN_01271aa0","01271aa0","01271b9e",""
"game\Upgrade_Process.wav","01ae8c14","REQUIRED_COPIED_XREF","FUN_012768e0","012768e0","012769de",""
"game\Upgrade_Success.wav","01ae4648","REQUIRED_ADJACENT_XREF","FUN_011f77b0","011f77b0","011f7a2b",""
"game\Upgrade_Success.wav","01ae4648","REQUIRED_COPIED_XREF","FUN_0126c260","0126c260","0126c364",""
"game\Upgrade_Success.wav","01ae4648","REQUIRED_COPIED_XREF","FUN_01271060","01271060","01271152",""
"game\Upgrade_Success.wav","01ae4648","REQUIRED_COPIED_XREF","FUN_01277870","01277870","012778f9",""
"Item_Make\Make_ani_gauge_bg.tga","01aec874","EXCLUDED_NO_RELEVANT_XREF","","","","no xref row found by targeted sweep"
"Item_Make\Make_ani_gauge_pixel.tga","01ae8aac","REQUIRED_COPIED_XREF","FUN_012696e0","012696e0","01269aa1",""
"Item_Make\Make_ani_gauge_pixel.tga","01ae8aac","REQUIRED_COPIED_XREF","FUN_012696e0","012696e0","0126a01b",""
"Item_Make\Make_ani_gauge_pixel.tga","01ae8aac","REQUIRED_COPIED_XREF","FUN_0126ae30","0126ae30","0126b1a7",""
"Item_Make\Make_ani_gauge_pixel.tga","01ae8aac","REQUIRED_COPIED_XREF","FUN_0126b830","0126b830","0126b8ed",""
"Item_Make\Make_ani_gauge_pixel.tga","01ae8aac","REQUIRED_COPIED_XREF","FUN_0126b830","0126b830","0126ba3e",""
"Item_Make\Make_ani_gauge_pixel.tga","01ae8aac","REQUIRED_COPIED_XREF","FUN_01270660","01270660","0127071d",""
"Item_Make\Make_ani_gauge_pixel.tga","01ae8aac","REQUIRED_COPIED_XREF","FUN_01270660","01270660","0127086e",""
"Item_Make\Make_ani_gauge_pixel.tga","01ae8aac","REQUIRED_COPIED_XREF","FUN_01276140","01276140","01276200",""
"Item_Make\Make_ani_gauge_pixel.tga","01ae8aac","REQUIRED_COPIED_XREF","FUN_01276140","01276140","01276354",""
"Item_Make\Make_ani_gauge_pixel.tga","01ae8aac","REQUIRED_COPIED_XREF","FUN_01276140","01276140","012764b8",""
"Item_Make\Make_ani_gauge_pixel.tga","01ae8aac","REQUIRED_COPIED_XREF","FUN_01276140","01276140","0127660c",""
"Item_Make\Make_ani_gauge_pixel.tga","01ae8aac","REQUIRED_COPIED_XREF","FUN_01276140","01276140","01276770",""
"Item_Make\Make_ani_Sequence.dds","01aec9c4","EXCLUDED_NO_RELEVANT_XREF","","","","no xref row found by targeted sweep"
"Random_box\bar_arrow.png","01ae893c","REQUIRED_ADJACENT_XREF","FUN_01267bd0","01267bd0","01267d7d",""
"Random_box\bar_arrow.png","01ae893c","REQUIRED_COPIED_XREF","FUN_01268e20","01268e20","0126900f",""
"Random_box\bar_arrow.png","01ae893c","REQUIRED_COPIED_XREF","FUN_01268e20","01268e20","0126902b",""
"System\Btn_Nor13.tga","01ae3e9c","REQUIRED_ADJACENT_XREF","FUN_011ed230","011ed230","011ed706",""
"System\Btn_Nor13.tga","01ae3e9c","REQUIRED_ADJACENT_XREF","FUN_01222980","01222980","01223146",""
"System\Btn_Nor13.tga","01ae3e9c","REQUIRED_ADJACENT_XREF","FUN_01222980","01222980","01223175",""
"System\Btn_Nor13.tga","01ae3e9c","REQUIRED_COPIED_XREF","FUN_01268e20","01268e20","01268f4e",""
"System\Btn_Nor13.tga","01ae3e9c","REQUIRED_ADJACENT_XREF","FUN_012a79f0","012a79f0","012a80cc",""
"System\Btn_Nor13.tga","01ae3e9c","REQUIRED_ADJACENT_XREF","FUN_012ab500","012ab500","012ab66e",""
"System\Btn_Nor13_R.tga","01ae623c","EXCLUDED_ADJACENT_SYSTEM","FUN_01222980","01222980","01223205",""
"System\Btn_Nor13_R.tga","01ae623c","EXCLUDED_ADJACENT_SYSTEM","FUN_01222980","01222980","01223234",""
